ticker,active
A,True
AA,True
AACB,True
AACBR,True
AACBU,True
AACG,True
AACI,True
AACIU,True
AACIW,True
AACO,True
AACOU,True
AACOW,True
AACPU,True
AAL,True
AAME,True
AAMI,True
AAOI,True
AAON,True
AAP,True
AAPG,True
AAPL,True
AARD,True
AAT,True
AAUC,True
AB,True
ABAT,True
ABBV,True
ABCB,True
ABCL,True
ABEO,True
ABEV,True
ABG,True
ABLV,True
ABLVW,True
ABM,True
ABNB,True
ABOS,True
ABR,True
ABSI,True
ABT,True
ABTC,True
ABTS,True
ABUS,True
ABVC,True
ABVE,True
ABVEW,True
ABVX,True
ABX,True
ABXL,True
ACA,True
ACAA,True
ACAAU,True
ACAAW,True
ACAD,True
ACB,True
ACCL,True
ACCO,True
ACCS,True
ACDC,True
ACEL,True
ACET,True
ACFN,True
ACGCU,True
ACGL,True
ACGLN,True
ACGLO,True
ACH,True
ACHC,True
ACHR,True
ACHV,True
ACI,True
ACIC,True
ACIU,True
ACIW,True
ACLS,True
ACM,True
ACMR,True
ACN,True
ACNB,True
ACNT,True
ACOG,True
ACON,True
ACONW,True
ACP,True
ACR,True
ACRE,True
ACRS,True
ACRV,True
ACT,True
ACTG,True
ACTU,True
ACU,True
ACV,True
ACVA,True
ACXP,True
AD,True
ADAC,True
ADACU,True
ADACW,True
ADAG,True
ADAM,True
ADAMG,True
ADAMH,True
ADAMI,True
ADAML,True
ADAMM,True
ADAMN,True
ADAMO,True
ADAMZ,True
ADBE,True
ADC,True
ADCT,True
ADEA,True
ADGM,True
ADI,True
ADIL,True
ADM,True
ADMA,True
ADNT,True
ADP,True
ADPT,True
ADSE,True
ADSEW,True
ADSK,True
ADT,True
ADTN,True
ADTX,True
ADUR,True
ADUS,True
ADV,True
ADVB,True
ADX,True
ADXN,True
AEAQ,True
AEAQU,True
AEAQW,True
AEBI,True
AEC,True
AEE,True
AEF,True
AEFC,True
AEG,True
AEHL,True
AEHR,True
AEI,True
AEIS,True
AEM,True
AEMD,True
AENT,True
AENTW,True
AEO,True
AEON,True
AEP,True
AER,True
AERO,True
AERT,True
AERTW,True
AES,True
AESI,True
AEVA,True
AEXA,True
AEYE,True
AFB,True
AFBI,True
AFCG,True
AFG,True
AFGB,True
AFGC,True
AFGD,True
AFGE,True
AFJK,True
AFJKR,True
AFJKU,True
AFL,True
AFRI,True
AFRIW,True
AFRM,True
AFYA,True
AG,True
AGAE,True
AGBK,True
AGCC,True
AGCO,True
AGD,True
AGEN,True
AGH,True
AGI,True
AGIG,True
AGIO,True
AGL,True
AGM,True
AGMB,True
AGMH,True
AGNC,True
AGNCL,True
AGNCM,True
AGNCN,True
AGNCO,True
AGNCP,True
AGNCZ,True
AGNT,True
AGO,True
AGPU,True
AGRO,True
AGRZ,True
AGX,True
AGYS,True
AHCO,True
AHG,True
AHMA,True
AHR,True
AHRT,True
AHT,True
AI,True
AIB,True
AIDX,True
AIFC,True
AIFF,True
AIFU,True
AIG,True
AIHS,True
AII,True
AIIA,True
AIIO,True
AIIOW,True
AIM,True
AIMD,True
AIMDW,True
AIN,True
AIO,True
AIOS,True
AIOT,True
AIP,True
AIR,True
AIRE,True
AIRG,True
AIRI,True
AIRJ,True
AIRJW,True
AIRO,True
AIRS,True
AIRT,True
AIRTP,True
AISP,True
AISPW,True
AIT,True
AIV,True
AIXC,True
AIXI,True
AIZ,True
AIZN,True
AJG,True
AKA,True
AKAM,True
AKAN,True
AKBA,True
AKR,True
AKTS,True
AKTX,True
ALAB,True
ALAR,True
ALB,True
ALBT,True
ALC,True
ALCO,True
ALCY,True
ALCYU,True
ALCYW,True
ALDF,True
ALDFU,True
ALDFW,True
ALDX,True
ALEC,True
ALF,True
ALFUU,True
ALFUW,True
ALG,True
ALGM,True
ALGN,True
ALGS,True
ALGT,True
ALH,True
ALHC,True
ALIS,True
ALISR,True
ALISU,True
ALIT,True
ALK,True
ALKS,True
ALKT,True
ALL,True
ALLE,True
ALLO,True
ALLR,True
ALLT,True
ALLY,True
ALM,True
ALMR,True
ALMS,True
ALMU,True
ALNT,True
ALNY,True
ALOT,True
ALOV,True
ALOVU,True
ALOVW,True
ALOY,True
ALP,True
ALPS,True
ALRM,True
ALRS,True
ALSN,True
ALT,True
ALTG,True
ALTI,True
ALTO,True
ALUB,True
ALV,True
ALVO,True
ALVOW,True
ALX,True
ALXO,True
ALZN,True
AM,True
AMAL,True
AMAT,True
AMBA,True
AMBO,True
AMBP,True
AMBQ,True
AMBR,True
AMC,True
AMCI,True
AMCR,True
AMCX,True
AMD,True
AME,True
AMG,True
AMGN,True
AMH,True
AMIX,True
AMKR,True
AMLX,True
AMN,True
AMOD,True
AMODW,True
AMP,True
AMPG,True
AMPGR,True
AMPGZ,True
AMPH,True
AMPL,True
AMPX,True
AMPY,True
AMR,True
AMRC,True
AMRN,True
AMRX,True
AMRZ,True
AMS,True
AMSC,True
AMSF,True
AMST,True
AMT,True
AMTB,True
AMTD,True
AMTM,True
AMTX,True
AMUB,True
AMWD,True
AMWL,True
AMX,True
AMZE,True
AMZN,True
AN,True
ANAB,True
ANDE,True
ANDG,True
ANET,True
ANF,True
ANGH,True
ANGHW,True
ANGI,True
ANGO,True
ANGX,True
ANIK,True
ANIP,True
ANIX,True
ANL,True
ANNA,True
ANNAW,True
ANNX,True
ANPA,True
ANRO,True
ANSC,True
ANSCU,True
ANSCW,True
ANTA,True
ANTX,True
ANVS,True
ANY,True
AOD,True
AOMD,True
AOMN,True
AOMR,True
AON,True
AORT,True
AOS,True
AOSL,True
AOUT,True
AP,True
APA,True
APAC,True
APACR,True
APACU,True
APAM,True
APC,True
APD,True
APEI,True
APG,True
APGE,True
APH,True
API,True
APLD,True
APLE,True
APLM,True
APLMW,True
APLS,True
APM,True
APO,True
APOG,True
APOS,True
APP,True
APPF,True
APPN,True
APPS,True
APRE,True
APT,True
APTV,True
APUS,True
APVO,True
APWC,True
APXT,True
APXTU,True
APXTW,True
APYX,True
AQB,True
AQMS,True
AQN,True
AQNB,True
AQST,True
AR,True
ARAI,True
ARAY,True
ARBB,True
ARBE,True
ARBEW,True
ARBK,True
ARCB,True
ARCC,True
ARCI,True
ARCIU,True
ARCIW,True
ARCLU,True
ARCO,True
ARCT,True
ARDC,True
ARDT,True
ARDX,True
ARE,True
AREB,True
AREBW,True
AREC,True
AREN,True
ARES,True
ARGX,True
ARHS,True
ARI,True
ARIS,True
ARKO,True
ARKR,True
ARL,True
ARLO,True
ARLP,True
ARM,True
ARMK,True
ARMP,True
AROC,True
AROW,True
ARQ,True
ARQQ,True
ARQQW,True
ARQT,True
ARR,True
ARRY,True
ARTC,True
ARTCU,True
ARTCW,True
ARTL,True
ARTNA,True
ARTV,True
ARTW,True
ARVN,True
ARW,True
ARWR,True
ARX,True
ARXS,True
AS,True
ASA,True
ASAN,True
ASB,True
ASBA,True
ASBP,True
ASBPW,True
ASC,True
ASG,True
ASGI,True
ASH,True
ASIC,True
ASIX,True
ASLE,True
ASM,True
ASMB,True
ASML,True
ASND,True
ASO,True
ASPC,True
ASPCR,True
ASPCU,True
ASPI,True
ASPN,True
ASPS,True
ASPSW,True
ASPSZ,True
ASR,True
ASRT,True
ASRV,True
ASST,True
ASTC,True
ASTE,True
ASTH,True
ASTI,True
ASTL,True
ASTLW,True
ASTS,True
ASUR,True
ASX,True
ASYS,True
ATAI,True
ATAT,True
ATCH,True
ATCX,True
ATEC,True
ATEN,True
ATER,True
ATEX,True
ATGL,True
ATHE,True
ATHM,True
ATHR,True
ATHS,True
ATI,True
ATII,True
ATIIU,True
ATIIW,True
ATKR,True
ATLC,True
ATLCL,True
ATLCP,True
ATLCZ,True
ATLN,True
ATLO,True
ATLX,True
ATMP,True
ATMU,True
ATNI,True
ATNM,True
ATO,True
ATOM,True
ATOS,True
ATPC,True
ATR,True
ATRA,True
ATRC,True
ATRO,True
ATS,True
ATVI,False
ATXG,True
ATYR,True
AU,True
AUB,True
AUBN,True
AUDC,True
AUGO,True
AUID,True
AUNA,True
AUPH,True
AUR,True
AURA,True
AURE,True
AUROW,True
AUST,True
AUTL,True
AUUD,True
AVA,True
AVAH,True
AVAL,True
AVAV,True
AVB,True
AVBC,True
AVBH,True
AVBP,True
AVD,True
AVEX,True
AVGO,True
AVIR,True
AVK,True
AVLN,True
AVNS,True
AVNT,True
AVNW,True
AVO,True
AVPT,True
AVR,True
AVT,True
AVTR,True
AVTX,True
AVX,True
AVXL,True
AVY,True
AWF,True
AWI,True
AWK,True
AWP,True
AWR,True
AWRE,True
AWX,True
AX,True
AXG,True
AXGN,True
AXIA,True
AXIL,True
AXIN,True
AXINR,True
AXINU,True
AXON,True
AXP,True
AXR,True
AXS,True
AXSM,True
AXTA,True
AXTI,True
AYA,True
AYI,True
AYTU,True
AZ,True
AZI,True
AZN,True
AZO,True
AZTA,True
AZTR,True
AZZ,True
B,True
BA,True
BABA,True
BAC,True
BACC,True
BACCR,True
BACCU,True
BAER,True
BAERW,True
BAFN,True
BAH,True
BAK,True
BALL,True
BALY,True
BAM,True
BANC,True
BAND,True
BANF,True
BANFP,True
BANL,True
BANR,True
BANX,True
BAOS,True
BAP,True
BAR,True
BARK,True
BATL,True
BATRA,True
BATRK,True
BAX,True
BAYA,True
BAYAR,True
BAYAU,True
BB,True
BBAI,True
BBAR,True
BBBY,True
BBCP,True
BBCQ,True
BBCQU,True
BBCQW,True
BBD,True
BBDC,True
BBDO,True
BBGI,True
BBIO,True
BBLG,True
BBLGW,True
BBN,True
BBNX,True
BBOT,True
BBSI,True
BBT,True
BBUC,True
BBVA,True
BBW,True
BBWI,True
BBY,True
BC,True
BCAB,True
BCAL,True
BCAR,True
BCARU,True
BCARW,True
BCAT,True
BCAX,True
BCBP,True
BCC,True
BCDA,True
BCE,True
BCG,True
BCGWW,True
BCH,True
BCHT,True
BCIC,True
BCML,True
BCO,True
BCPC,True
BCRX,True
BCS,True
BCSF,True
BCSS,True
BCTX,True
BCTXL,True
BCTXZ,True
BCV,True
BCX,True
BCYC,True
BDC,True
BDCI,True
BDCIU,True
BDCIW,True
BDCZ,True
BDJ,True
BDL,True
BDMD,True
BDMDW,True
BDN,True
BDRX,True
BDSX,True
BDTX,True
BDX,True
BE,True
BEAG,True
BEAGR,True
BEAGU,True
BEAM,True
BEAT,True
BEATW,True
BEBE,True
BEEM,True
BEEP,True
BEKE,True
BELFA,True
BELFB,True
BEN,True
BENF,True
BENFW,True
BEP,True
BEPC,True
BEPH,True
BEPI,True
BEPJ,True
BESS,True
BETA,True
BETR,True
BETRW,True
BFAM,True
BFC,True
BFH,True
BFLY,True
BFRG,True
BFRGW,True
BFRI,True
BFRIW,True
BFS,True
BFST,True
BG,True
BGB,True
BGC,True
BGDE,True
BGH,True
BGI,True
BGIN,True
BGL,True
BGLC,True
BGLWW,True
BGM,True
BGMS,True
BGR,True
BGS,True
BGSF,True
BGSI,True
BGT,True
BGX,True
BGY,True
BH,True
BHAV,True
BHAVR,True
BHAVU,True
BHB,True
BHC,True
BHE,True
BHF,True
BHFAL,True
BHFAM,True
BHFAN,True
BHFAO,True
BHFAP,True
BHK,True
BHM,True
BHP,True
BHR,True
BHRB,True
BHST,True
BHV,True
BHVN,True
BIAF,True
BIAFW,True
BIDU,True
BIIB,True
BIII,True
BILI,True
BILL,True
BIO,True
BIOA,True
BIOX,True
BIP,True
BIPC,True
BIPH,True
BIPI,True
BIPJ,True
BIRD,True
BIRK,True
BIT,True
BIVI,True
BIVIW,True
BIXI,True
BIXIU,True
BIXIW,True
BIYA,True
BJ,True
BJDX,True
BJRI,True
BK,True
BKD,True
BKE,True
BKH,True
BKHA,True
BKHAR,True
BKHAU,True
BKKT,True
BKNG,True
BKR,True
BKSY,True
BKT,True
BKTI,True
BKU,True
BKV,True
BKYI,True
BL,True
BLBD,True
BLCO,True
BLD,True
BLDP,True
BLDR,True
BLFS,True
BLIN,True
BLIV,True
BLK,True
BLKB,True
BLLN,True
BLMN,True
BLND,True
BLNE,True
BLNK,True
BLRK,True
BLRKU,True
BLRKW,True
BLRX,True
BLSH,True
BLTE,True
BLUW,True
BLUWU,True
BLUWW,True
BLW,True
BLX,True
BLZE,True
BLZR,True
BLZRU,True
BLZRW,True
BMA,True
BMBL,True
BME,True
BMEA,True
BMEZ,True
BMGL,True
BMHL,True
BMI,True
BMM,True
BMN,True
BMNR,True
BMO,True
BMR,True
BMRA,True
BMRC,True
BMRN,True
BMY,True
BN,True
BNAI,True
BNAIW,True
BNBX,True
BNC,True
BNCWW,True
BNCWZ,True
BNED,True
BNGO,True
BNH,True
BNJ,True
BNKK,True
BNL,True
BNR,True
BNRG,True
BNS,True
BNT,True
BNTC,True
BNTX,True
BNZI,True
BNZIW,True
BOBS,True
BOC,True
BODI,True
BOE,True
BOF,True
BOH,True
BOKF,True
BOLD,True
BOLT,True
BON,True
BOOM,True
BOOT,True
BORR,True
BOSC,True
BOTJ,True
BOW,True
BOX,True
BOXL,True
BP,True
BPAC,True
BPACR,True
BPACU,True
BPOP,True
BPOPM,True
BPRE,True
BPRN,True
BPYPM,True
BPYPN,True
BPYPO,True
BPYPP,True
BQ,True
BR,True
BRAG,True
BRAI,True
BRBI,True
BRBR,True
BRBS,True
BRC,True
BRCB,True
BRCC,True
BRFH,True
BRIA,True
BRID,True
BRKR,True
BRKRP,True
BRLS,True
BRLSW,True
BRLT,True
BRN,True
BRNS,True
BRO,True
BROS,True
BRR,True
BRRWW,True
BRSL,True
BRSP,True
BRT,True
BRTX,True
BRW,True
BRX,True
BRZE,True
BSAA,True
BSAAR,True
BSAAU,True
BSAC,True
BSBK,True
BSBR,True
BSET,True
BSL,True
BSM,True
BSRR,True
BST,True
BSTZ,True
BSVN,True
BSX,True
BSY,True
BTAI,True
BTBD,True
BTBDW,True
BTBT,True
BTCS,True
BTCT,True
BTDR,True
BTE,True
BTG,True
BTGO,True
BTI,True
BTM,True
BTMD,True
BTMWW,True
BTO,True
BTOC,True
BTOG,True
BTQ,True
BTSG,True
BTSGU,True
BTT,True
BTTC,True
BTU,True
BTX,True
BTZ,True
BUD,True
BUDA,True
BUI,True
BULL,True
BULLW,True
BUR,True
BURL,True
BURU,True
BUSE,True
BUSEP,True
BUUU,True
BV,True
BVC,True
BVFL,True
BVN,True
BVS,True
BW,True
BWA,True
BWAY,True
BWB,True
BWBBP,True
BWEN,True
BWFG,True
BWG,True
BWIN,True
BWLP,True
BWMN,True
BWMX,True
BWNB,True
BWXT,True
BX,True
BXC,True
BXMT,True
BXP,True
BXSL,True
BY,True
BYAH,True
BYD,True
BYFC,True
BYND,True
BYRN,True
BYSI,True
BZ,True
BZAI,True
BZAIW,True
BZFD,True
BZFDW,True
BZH,True
BZUN,True
C,True
CAAP,True
CAAS,True
CABA,True
CABO,True
CABR,True
CAC,True
CACC,True
CACI,True
CADL,True
CAE,True
CAEP,True
CAF,True
CAG,True
CAH,True
CAI,True
CAIIU,True
CAKE,True
CAL,True
CALC,True
CALM,True
CALX,True
CALY,True
CAMP,True
CAMT,True
CAN,True
CANF,True
CANG,True
CAPL,True
CAPN,True
CAPNR,True
CAPNU,True
CAPR,True
CAPS,True
CAQ,True
CAQUU,True
CAQUW,True
CAR,True
CARE,True
CARG,True
CARL,True
CARR,True
CARS,True
CART,True
CASH,True
CASS,True
CAST,True
CASY,True
CAT,True
CATO,True
CATX,True
CATY,True
CAVA,True
CB,True
CBAN,True
CBAT,True
CBC,True
CBFV,True
CBIO,True
CBK,True
CBL,True
CBLL,True
CBNA,True
CBNK,True
CBOE,True
CBRE,True
CBRL,True
CBSH,True
CBT,True
CBU,True
CBUS,True
CBZ,True
CC,True
CCAP,True
CCB,True
CCBG,True
CCC,True
CCCC,True
CCD,True
CCEC,True
CCEL,True
CCEP,True
CCG,True
CCGWW,True
CCHH,True
CCI,True
CCID,True
CCIF,True
CCII,True
CCIIU,True
CCIIW,True
CCIX,True
CCIXU,True
CCIXW,True
CCJ,True
CCK,True
CCL,True
CCLD,True
CCLDO,True
CCM,True
CCNE,True
CCNEP,True
CCO,True
CCOI,True
CCRN,True
CCS,True
CCSI,True
CCTG,True
CCU,True
CCXI,True
CCXIU,True
CCXIW,True
CCZ,True
CD,True
CDE,True
CDIO,True
CDIOW,True
CDLR,True
CDLX,True
CDNA,True
CDNL,True
CDNS,True
CDP,True
CDRE,True
CDRO,True
CDROW,True
CDT,True
CDTG,True
CDTTW,True
CDW,True
CDXS,True
CDZI,True
CDZIP,True
CE,True
CECO,True
CEE,True
CEG,True
CELC,True
CELG,False
CELH,True
CELU,True
CELUW,True
CELZ,True
CENN,True
CENT,True
CENTA,True
CENX,True
CEPF,True
CEPO,True
CEPS,True
CEPT,True
CEPU,True
CEPV,True
CERS,True
CERT,True
CET,True
CETX,True
CETY,True
CEV,True
CEVA,True
CF,True
CFBK,True
CFFI,True
CFFN,True
CFG,True
CFND,True
CFR,True
CG,True
CGABL,True
CGAU,True
CGBD,True
CGC,True
CGCT,True
CGCTU,True
CGCTW,True
CGEM,True
CGEN,True
CGNT,True
CGNX,True
CGO,True
CGON,True
CGTL,True
CGTX,True
CHA,True
CHAI,True
CHAR,True
CHARR,True
CHARU,True
CHCI,True
CHCO,True
CHCT,True
CHD,True
CHDN,True
CHE,True
CHEC,True
CHECU,True
CHECW,True
CHEF,True
CHGG,True
CHH,True
CHI,True
CHKP,True
CHMG,True
CHMI,True
CHNR,True
CHOW,True
CHPG,True
CHPGR,True
CHPGU,True
CHPT,True
CHR,True
CHRD,True
CHRN,True
CHRS,True
CHRW,True
CHSCL,True
CHSCM,True
CHSCN,True
CHSCO,True
CHSCP,True
CHSN,True
CHT,True
CHTR,True
CHW,True
CHWY,True
CHY,True
CHYM,True
CI,True
CIA,True
CIB,True
CICB,True
CICC,True
CIEN,True
CIF,True
CIFR,True
CIG,True
CIGI,True
CII,True
CIIT,True
CIK,True
CIM,True
CIMN,True
CIMO,True
CIMP,True
CINF,True
CING,True
CINGW,True
CINT,True
CION,True
CISO,True
CISS,True
CITR,True
CIVB,True
CIX,True
CJMB,True
CKX,True
CL,True
CLAR,True
CLB,True
CLBK,True
CLBR,True
CLBT,True
CLDI,True
CLDT,True
CLDX,True
CLF,True
CLFD,True
CLGN,True
CLH,True
CLIK,True
CLIR,True
CLLS,True
CLM,True
CLMB,True
CLMT,True
CLNE,True
CLNN,True
CLOV,True
CLPR,True
CLPS,True
CLPT,True
CLRB,True
CLRO,True
CLS,True
CLSK,True
CLSKW,True
CLST,True
CLVT,True
CLW,True
CLWT,True
CLX,True
CLYM,True
CM,True
CMBT,True
CMC,True
CMCL,True
CMCM,True
CMCO,True
CMCSA,True
CMCT,True
CMDB,True
CME,True
CMG,True
CMI,True
CMII,True
CMIIU,True
CMIIW,True
CMMB,True
CMND,True
CMP,True
CMPR,True
CMPS,True
CMPX,True
CMRC,True
CMRE,True
CMS,True
CMSA,True
CMSC,True
CMSD,True
CMT,True
CMTG,True
CMTL,True
CMTV,True
CMU,True
CNA,True
CNC,True
CNCK,True
CNCKW,True
CNDT,True
CNET,True
CNEY,True
CNF,True
CNH,True
CNI,True
CNK,True
CNL,True
CNM,True
CNMD,True
CNNE,True
CNO,True
CNOB,True
CNOBP,True
CNP,True
CNQ,True
CNR,True
CNS,True
CNSP,True
CNTA,True
CNTB,True
CNTN,True
CNTX,True
CNTY,True
CNVS,True
CNX,True
CNXC,True
CNXN,True
COAG,True
COCH,True
COCHW,True
COCO,True
COCP,True
CODA,True
CODI,True
CODX,True
COE,True
COF,True
COFS,True
COGT,True
COHN,True
COHR,True
COHU,True
COIN,True
COKE,True
COLA,True
COLAR,True
COLAU,True
COLB,True
COLD,True
COLL,True
COLM,True
COMP,True
CON,True
COO,True
COOK,True
COOT,True
COOTW,True
COP,True
COPL,True
COR,True
CORT,True
CORZ,True
CORZW,True
CORZZ,True
COSM,True
COSO,True
COST,True
COTY,True
COUR,True
COYA,True
CP,True
CPA,True
CPAC,True
CPAY,True
CPB,True
CPBI,True
CPF,True
CPHC,True
CPHI,True
CPIX,True
CPK,True
CPNG,True
CPOP,True
CPRI,True
CPRT,True
CPRX,True
CPS,True
CPSH,True
CPSS,True
CPT,True
CPZ,True
CQP,True
CR,True
CRAC,True
CRACR,True
CRACU,True
CRACW,True
CRAI,True
CRAN,True
CRANR,True
CRANU,True
CRAQ,True
CRAQR,True
CRAQU,True
CRBD,True
CRBG,True
CRBP,True
CRBU,True
CRC,True
CRCL,True
CRCT,True
CRDF,True
CRDL,True
CRDO,True
CRE,True
CREG,True
CRESY,True
CREX,True
CRF,True
CRGO,True
CRGOW,True
CRGY,True
CRH,True
CRI,True
CRIS,True
CRK,True
CRL,True
CRM,True
CRMD,True
CRML,True
CRMLW,True
CRMT,True
CRNC,True
CRNT,True
CRNX,True
CRON,True
CROX,True
CRS,True
CRSP,True
CRSR,True
CRT,True
CRTO,True
CRUS,True
CRVL,True
CRVO,True
CRVS,True
CRWD,True
CRWS,True
CRWV,True
CSAI,True
CSAN,True
CSBR,True
CSCO,True
CSGP,True
CSGS,True
CSHR,True
CSHRW,True
CSIQ,True
CSL,True
CSPI,True
CSQ,True
CSR,True
CSTE,True
CSTL,True
CSTM,True
CSV,True
CSW,True
CSWC,True
CSX,True
CTAA,True
CTAAR,True
CTAAU,True
CTAS,True
CTBB,True
CTBI,True
CTDD,True
CTEV,True
CTGO,True
CTKB,True
CTLP,True
CTM,True
CTMX,True
CTNM,True
CTNT,True
CTO,True
CTOR,True
CTOS,True
CTRE,True
CTRI,True
CTRM,True
CTRN,True
CTS,True
CTSH,True
CTSO,True
CTVA,True
CTW,True
CTXR,True
CTXS,False
CUB,True
CUBB,True
CUBE,True
CUBI,True
CUBWU,True
CUBWW,True
CUE,True
CULP,True
CUPR,True
CURB,True
CURI,True
CURR,True
CURV,True
CURX,True
CUZ,True
CV,True
CVBF,True
CVCO,True
CVE,True
CVEO,True
CVGI,True
CVGW,True
CVI,True
CVKD,True
CVLG,True
CVLT,True
CVM,True
CVNA,True
CVR,True
CVRX,True
CVS,True
CVSA,True
CVU,True
CVV,True
CVX,True
CW,True
CWAN,True
CWBC,True
CWCO,True
CWD,True
CWEN,True
CWH,True
CWK,True
CWST,True
CWT,True
CX,True
CXAI,True
CXAIW,True
CXDO,True
CXE,True
CXH,True
CXIIU,True
CXM,True
CXT,True
CXW,True
CYAB,True
CYCN,True
CYCU,True
CYCUW,True
CYD,True
CYH,True
CYN,True
CYPH,True
CYRX,True
CYTK,True
CZFS,True
CZNC,True
CZR,True
CZWI,True
D,True
DAAQ,True
DAAQU,True
DAAQW,True
DAC,True
DAIC,True
DAICW,True
DAIO,True
DAKT,True
DAL,True
DAN,True
DAO,True
DAR,True
DARE,True
DASH,True
DAVA,True
DAVE,True
DAVEW,True
DB,True
DBCA,True
DBCAU,True
DBCAW,True
DBD,True
DBGI,True
DBI,True
DBL,True
DBRG,True
DBVT,True
DBX,True
DC,True
DCBG,True
DCBO,True
DCGO,True
DCH,True
DCI,True
DCO,True
DCOM,True
DCOY,True
DCTH,True
DCX,True
DD,True
DDC,True
DDD,True
DDI,True
DDL,True
DDOG,True
DDS,True
DDT,True
DE,True
DEA,True
DEC,True
DECK,True
DEFT,True
DEI,True
DELL,True
DEO,True
DERM,True
DETX,True
DEVS,True
DFDV,True
DFDVW,True
DFH,True
DFIN,True
DFLI,True
DFLIW,True
DFNS,True
DFNSW,True
DFP,True
DFSC,True
DFSCW,True
DFTX,True
DG,True
DGICA,True
DGICB,True
DGII,True
DGNX,True
DGP,True
DGX,True
DGXX,True
DGZ,True
DH,True
DHC,True
DHCNI,True
DHCNL,True
DHF,True
DHI,True
DHR,True
DHT,True
DHX,True
DHY,True
DIBS,True
DIN,True
DINO,True
DIOD,True
DIS,True
DISH,False
DIT,True
DJCO,True
DJP,True
DJT,True
DJTWW,True
DK,True
DKI,True
DKL,True
DKNG,True
DKS,True
DLB,True
DLHC,True
DLNG,True
DLO,True
DLPN,True
DLR,True
DLTH,True
DLTR,True
DLX,True
DLXY,True
DLY,True
DMA,True
DMAA,True
DMAAR,True
DMAAU,True
DMAC,True
DMB,True
DMII,True
DMIIR,True
DMIIU,True
DMLP,True
DMO,True
DMRA,True
DMRC,True
DNA,True
DNLI,True
DNMX,True
DNMXU,True
DNMXW,True
DNN,True
DNOW,True
DNP,True
DNTH,True
DNUT,True
DOC,True
DOCN,True
DOCS,True
DOCU,True
DOGZ,True
DOLE,True
DOMH,True
DOMO,True
DOO,True
DORM,True
DOUG,True
DOV,True
DOW,True
DOX,True
DOYU,True
DPG,True
DPRO,True
DPZ,True
DQ,True
DRCT,True
DRD,True
DRDB,True
DRDBU,True
DRDBW,True
DRH,True
DRI,True
DRIO,True
DRMA,True
DRMAW,True
DRS,True
DRTS,True
DRTSW,True
DRUG,True
DRVN,True
DSAC,True
DSACU,True
DSACW,True
DSGN,True
DSGR,True
DSGX,True
DSL,True
DSM,True
DSP,True
DSS,True
DSU,True
DSWL,True
DSX,True
DSY,True
DSYWW,True
DT,True
DTB,True
DTCX,True
DTE,True
DTF,True
DTG,True
DTI,True
DTIL,True
DTK,True
DTM,True
DTSQ,True
DTSQR,True
DTSQU,True
DTSS,True
DTST,True
DTSTW,True
DTW,True
DUK,True
DUKB,True
DUO,True
DUOL,True
DUOT,True
DV,True
DVA,True
DVLT,True
DVN,True
DWSN,True
DWTX,True
DX,True
DXC,True
DXCM,True
DXF,True
DXLG,True
DXPE,True
DXR,True
DXST,True
DXYZ,True
DY,True
DYAI,True
DYN,True
DYNC,True
DYNCU,True
DYNCW,True
DYOR,True
DYORU,True
DYORW,True
DZZ,True
E,True
EA,True
EAD,True
EAF,True
EAI,True
EARN,True
EAT,True
EBAY,True
EBC,True
EBF,True
EBMT,True
EBON,True
EBS,True
EC,True
ECAT,True
ECBK,True
ECC,True
ECCC,True
ECCU,True
ECCV,True
ECF,True
ECG,True
ECL,True
ECO,True
ECOR,True
ECPG,True
ECVT,True
ECX,True
ECXWW,True
ED,True
EDAP,True
EDBL,True
EDBLW,True
EDD,True
EDF,True
EDHL,True
EDIT,True
EDN,True
EDRY,True
EDSA,True
EDTK,True
EDU,True
EDUC,True
EE,True
EEA,True
EEFT,True
EEIQ,True
EEX,True
EFC,True
EFOI,True
EFOR,True
EFR,True
EFSC,True
EFSCP,True
EFSI,True
EFT,True
EFTY,True
EFX,True
EFXT,True
EG,True
EGAN,True
EGBN,True
EGG,True
EGHA,True
EGHAR,True
EGHAU,True
EGHT,True
EGO,True
EGP,True
EGY,True
EH,True
EHAB,True
EHC,True
EHGO,True
EHI,True
EHLD,True
EHTH,True
EIC,True
EICA,True
EIG,True
EIIA,True
EIKN,True
EIM,True
EIX,True
EJH,True
EL,True
ELA,True
ELAB,True
ELAN,True
ELBM,True
ELC,True
ELDN,True
ELE,True
ELF,True
ELLA,True
ELLO,True
ELMD,True
ELME,True
ELMT,True
ELOG,True
ELPC,True
ELPW,True
ELS,True
ELSE,True
ELTK,True
ELTX,True
ELUT,True
ELV,True
ELVA,True
ELVN,True
ELVR,True
ELWT,True
EMA,True
EMAT,True
EMBC,True
EMBJ,True
EMD,True
EME,True
EMF,True
EMIS,True
EMISR,True
EML,True
EMN,True
EMO,True
EMP,True
EMPD,True
EMPG,True
EMR,True
ENB,True
ENGN,True
ENGNW,True
ENGS,True
ENHA,True
ENIC,True
ENJ,True
ENLT,True
ENLV,True
ENO,True
ENOV,True
ENPH,True
ENR,True
ENS,True
ENSC,True
ENSG,True
ENTA,True
ENTG,True
ENTX,True
ENVA,True
ENVB,True
ENVX,True
EOD,True
EOG,True
EOI,True
EOLS,True
EONR,True
EOS,True
EOSE,True
EOT,True
EP,True
EPAC,True
EPAM,True
EPC,True
EPD,True
EPM,True
EPOW,True
EPR,True
EPRT,True
EPRX,True
EPSM,True
EPSN,True
EQ,True
EQBK,True
EQH,True
EQIX,True
EQNR,True
EQPT,True
EQR,True
EQS,True
EQT,True
EQX,True
ERAS,True
ERC,True
ERH,True
ERIC,True
ERIE,True
ERII,True
ERNA,True
ERNAW,True
ERO,True
EROS,False
ES,True
ESAB,True
ESBA,True
ESCA,True
ESE,True
ESEA,True
ESI,True
ESLA,True
ESLAW,True
ESLT,True
ESNT,True
ESOA,True
ESP,True
ESPR,True
ESQ,True
ESRT,True
ESS,True
ESTA,True
ESTC,True
ET,True
ETB,True
ETD,True
ETG,True
ETJ,True
ETN,True
ETO,True
ETON,True
ETOR,True
ETR,True
ETS,True
ETSY,True
ETV,True
ETW,True
ETX,True
ETY,True
EU,True
EUDA,True
EUDAW,True
EURK,True
EURKR,True
EURKU,True
EVAC,True
EVAX,True
EVC,True
EVCM,True
EVER,True
EVEX,True
EVF,True
EVG,True
EVGN,True
EVGO,True
EVGOW,True
EVH,True
EVI,True
EVLV,True
EVLVW,True
EVMN,True
EVN,True
EVO,True
EVOX,True
EVOXU,True
EVOXW,True
EVR,True
EVRG,True
EVT,True
EVTC,True
EVTL,True
EVTV,True
EVV,True
EW,True
EWBC,True
EWCZ,True
EWTX,True
EXC,True
EXE,True
EXEL,True
EXFY,True
EXG,True
EXK,True
EXLS,True
EXOD,True
EXOZ,True
EXP,True
EXPD,True
EXPE,True
EXPO,True
EXR,True
EXTR,True
EYE,True
EYPT,True
EZGO,True
EZPW,True
EZRA,True
F,True
FA,True
FABC,True
FACT,True
FACTU,True
FACTW,True
FAF,True
FAMI,True
FANG,True
FAST,True
FATE,True
FATN,True
FAX,True
FBGL,True
FBIN,True
FBIO,True
FBIOP,True
FBIZ,True
FBK,True
FBLA,True
FBLG,True
FBNC,True
FBP,True
FBRT,True
FBRX,True
FBYD,True
FBYDW,True
FC,True
FCAP,True
FCBC,True
FCCO,True
FCEL,True
FCF,True
FCFS,True
FCHL,True
FCN,True
FCNCA,True
FCNCN,True
FCNCO,True
FCNCP,True
FCO,True
FCPT,True
FCRS,True
FCRX,True
FCT,True
FCUV,True
FCX,True
FDBC,True
FDMT,True
FDP,True
FDS,True
FDSB,True
FDUS,True
FDX,True
FE,True
FEAM,True
FEBO,True
FEDU,True
FEED,True
FEIM,True
FELE,True
FEMY,True
FENC,True
FENG,True
FER,True
FERA,True
FERAR,True
FERAU,True
FERG,True
FET,True
FF,True
FFA,True
FFAI,True
FFAIW,True
FFBC,True
FFC,True
FFIC,True
FFIN,True
FFIV,True
FG,True
FGBI,True
FGBIP,True
FGI,True
FGII,True
FGIIU,True
FGIIW,True
FGIWW,True
FGL,True
FGMC,True
FGMCR,True
FGMCU,True
FGN,True
FGNX,True
FGNXP,True
FGSN,True
FHB,True
FHI,True
FHN,True
FHTX,True
FIBK,True
FICO,True
FIEE,True
FIG,True
FIGR,True
FIGS,True
FIGX,True
FIGXU,True
FIGXW,True
FIHL,True
FINS,True
FINV,True
FINW,True
FIP,True
FIS,True
FISI,True
FISK,True
FISV,True
FITB,True
FITBI,True
FITBM,True
FITBO,True
FITBP,True
FIVE,True
FIVN,True
FIX,True
FIZZ,True
FJET,True
FKWL,True
FLC,True
FLD,True
FLDDW,True
FLEX,True
FLG,True
FLGT,True
FLIR,False
FLL,True
FLNA,True
FLNC,True
FLNG,True
FLNT,True
FLO,True
FLOC,True
FLR,True
FLS,True
FLUT,True
FLUX,True
FLWS,True
FLX,True
FLXS,True
FLY,True
FLYE,True
FLYW,True
FLYX,True
FMACU,True
FMAO,True
FMBH,True
FMC,True
FMFC,True
FMN,True
FMNB,True
FMS,True
FMST,True
FMSTW,True
FMX,True
FMY,True
FN,True
FNB,True
FND,True
FNF,True
FNGD,True
FNGO,True
FNGR,True
FNKO,True
FNLC,True
FNRN,True
FNUC,True
FNV,True
FNWB,True
FNWD,True
FOA,True
FOF,True
FOFO,True
FONR,True
FOR,True
FORA,True
FORM,True
FORR,True
FORTY,True
FOSL,True
FOUR,True
FOX,True
FOXA,True
FOXF,True
FOXX,True
FOXXW,True
FPF,True
FPH,True
FPI,True
FPS,True
FR,True
FRA,True
FRAF,True
FRBA,True
FRC,False
FRD,True
FRGT,True
FRHC,True
FRME,True
FRMEP,True
FRMI,True
FRMM,True
FRO,True
FROG,True
FRPH,True
FRPT,True
FRSH,True
FRST,True
FRSX,True
FRT,True
FSBC,True
FSBW,True
FSCO,True
FSEA,True
FSHP,True
FSHPR,True
FSHPU,True
FSI,True
FSK,True
FSLR,True
FSLY,True
FSM,True
FSP,True
FSS,True
FSSL,True
FSTR,True
FSUN,True
FSV,True
FT,True
FTAI,True
FTAIM,True
FTAIN,True
FTCI,True
FTDR,True
FTEK,True
FTF,True
FTFT,True
FTHAU,True
FTHM,True
FTHY,True
FTI,True
FTK,True
FTLF,True
FTNT,True
FTRE,True
FTRK,True
FTS,True
FTV,True
FTW,True
FUBO,True
FUFU,True
FUFUW,True
FUL,True
FULC,True
FULT,True
FULTP,True
FUN,True
FUNC,True
FUND,True
FURY,True
FUSB,True
FUSE,True
FUSEW,True
FUTU,True
FVAV,True
FVCB,True
FVN,True
FVNNR,True
FVNNU,True
FVR,True
FVRR,True
FWDI,True
FWONA,True
FWONK,True
FWRD,True
FWRG,True
FXNC,True
G,True
GAB,True
GABC,True
GAIA,True
GAIN,True
GAING,True
GAINI,True
GAINZ,True
GALT,True
GAM,True
GAMB,True
GAME,True
GANX,True
GAP,True
GASS,True
GATX,True
GAU,True
GAUZ,True
GBAB,True
GBCI,True
GBDC,True
GBFH,True
GBLI,True
GBR,True
GBTG,True
GBX,True
GCBC,True
GCDT,True
GCGRU,True
GCL,True
GCLWW,True
GCMG,True
GCO,True
GCT,True
GCTK,True
GCTS,True
GCV,True
GD,True
GDC,True
GDDY,True
GDEV,True
GDEVW,True
GDHG,True
GDL,True
GDO,True
GDOT,True
GDRX,True
GDS,True
GDTC,True
GDV,True
GDYN,True
GE,True
GECC,True
GECCG,True
GECCH,True
GECCI,True
GECCO,True
GEF,True
GEG,True
GEGGL,True
GEHC,True
GEL,True
GELS,True
GEMI,True
GEN,True
GENB,True
GENC,True
GENI,True
GENK,True
GENVR,True
GEO,True
GEOS,True
GERN,True
GETY,True
GEV,True
GEVO,True
GF,True
GFAI,True
GFAIW,True
GFF,True
GFI,True
GFL,True
GFR,True
GFS,True
GGAL,True
GGB,True
GGG,True
GGN,True
GGR,True
GGROW,True
GGRP,True
GGT,True
GGZ,True
GH,True
GHC,True
GHG,True
GHI,True
GHM,True
GHRS,True
GHY,True
GIB,True
GIBO,True
GIBOW,True
GIC,True
GIFT,True
GIG,True
GIGGU,True
GIGGW,True
GIGM,True
GIII,True
GIL,True
GILD,True
GILT,True
GIPR,True
GIPRW,True
GIS,True
GITS,True
GIW,True
GIWWR,True
GIWWU,True
GIX,True
GIXXR,True
GIXXU,True
GJH,True
GJO,True
GJP,True
GJR,True
GJS,True
GJT,True
GKOS,True
GL,True
GLAD,True
GLBE,True
GLBS,True
GLDG,True
GLE,True
GLED,True
GLIBA,True
GLIBK,True
GLMD,True
GLND,True
GLNDW,True
GLNG,True
GLO,True
GLOB,True
GLOO,True
GLP,True
GLPI,True
GLQ,True
GLRE,True
GLSI,True
GLU,True
GLUE,True
GLV,True
GLW,True
GLXG,True
GLXY,True
GM,True
GMAB,True
GME,True
GMED,True
GMEX,True
GMHS,True
GMM,True
GMTL,True
GNE,True
GNK,True
GNL,True
GNLN,True
GNLX,True
GNPX,True
GNRC,True
GNS,True
GNSS,True
GNT,True
GNTA,True
GNTX,True
GNW,True
GO,True
GOAI,True
GOCO,True
GOF,True
GOGO,True
GOLD,True
GOLF,True
GOOD,True
GOODN,True
GOODO,True
GOOG,True
GOOGL,True
GOOS,True
GORO,True
GOSS,True
GOTU,True
GOVX,True
GP,True
GPAC,True
GPACU,True
GPACW,True
GPAT,True
GPATU,True
GPATW,True
GPC,True
GPCR,True
GPGI,True
GPI,True
GPJA,True
GPK,True
GPMT,True
GPN,True
GPOR,True
GPRE,True
GPRK,True
GPRO,True
GPS,False
GPUS,True
GRAB,True
GRABW,True
GRAF,True
GRAL,True
GRAN,True
GRBK,True
GRC,True
GRCE,True
GRDN,True
GRDX,True
GREE,True
GREEL,True
GRF,True
GRFS,True
GRI,True
GRML,True
GRMLW,True
GRMN,True
GRN,True
GRND,True
GRNQ,True
GRNT,True
GRO,True
GROV,True
GROW,True
GROY,True
GRPN,True
GRRR,True
GRRRW,True
GRVY,True
GRWG,True
GRX,True
GS,True
GSAT,True
GSBC,True
GSBD,True
GSHD,True
GSHR,True
GSHRU,True
GSHRW,True
GSIT,True
GSIW,True
GSK,True
GSL,True
GSM,True
GSRF,True
GSRFR,True
GSRFU,True
GSUN,True
GT,True
GTBP,True
GTE,True
GTEC,True
GTEN,True
GTENU,True
GTENW,True
GTERA,True
GTERR,True
GTERU,True
GTERW,True
GTES,True
GTIM,True
GTLB,True
GTLS,True
GTM,True
GTN,True
GTX,True
GTY,True
GUG,True
GURE,True
GUT,True
GUTS,True
GV,True
GVA,True
GVH,True
GWAV,True
GWH,True
GWRE,True
GWRS,True
GWW,True
GXAI,True
GXO,True
GYRE,True
GYRO,True
H,True
HACQ,True
HACQU,True
HACQW,True
HAE,True
HAFC,True
HAFN,True
HAIN,True
HAL,True
HALO,True
HAO,True
HAS,True
HASI,True
HAVA,True
HAVAR,True
HAVAU,True
HAWK,True
HAYW,True
HBAN,True
HBANL,True
HBANM,True
HBANP,True
HBANZ,True
HBB,True
HBCP,True
HBIO,True
HBM,True
HBNB,True
HBNC,True
HBT,True
HCA,True
HCAC,True
HCACR,True
HCACU,True
HCAI,True
HCAT,True
HCC,True
HCHL,True
HCI,True
HCIC,True
HCICR,True
HCICU,True
HCKT,True
HCM,True
HCMA,True
HCMAU,True
HCMAW,True
HCSG,True
HCTI,True
HCWB,True
HCWC,True
HCXY,True
HD,True
HDB,True
HDL,True
HDSN,True
HE,True
HEI,True
HELE,True
HELP,True
HEPS,True
HEQ,True
HERE,True
HERZ,True
HESM,True
HFBL,True
HFFG,True
HFRO,True
HFWA,True
HG,True
HGBL,True
HGLB,True
HGTY,True
HGV,True
HHH,True
HHS,True
HIFS,True
HIG,True
HIHO,True
HII,True
HIMS,True
HIMX,True
HIND,True
HIO,True
HIPO,True
HIT,True
HITI,True
HIVE,True
HIW,True
HIX,True
HKD,True
HKIT,True
HKPD,True
HL,True
HLF,True
HLI,True
HLIO,True
HLIT,True
HLLY,True
HLMN,True
HLN,True
HLNE,True
HLP,True
HLT,True
HLX,True
HLXC,True
HMC,True
HMH,True
HMN,True
HMR,True
HMY,True
HNGE,True
HNI,True
HNNA,True
HNNAZ,True
HNRG,True
HNST,True
HNVR,True
HOFT,True
HOG,True
HOLO,True
HOLOW,True
HOMB,True
HON,True
HOOD,True
HOPE,True
HOTH,True
HOUR,True
HOV,True
HOVNP,True
HOVR,True
HOVRW,True
HOWL,True
HP,True
HPAI,True
HPAIW,True
HPE,True
HPF,True
HPI,True
HPK,True
HPP,True
HPQ,True
HPS,True
HQ,True
HQH,True
HQI,True
HQL,True
HQWWW,True
HQY,True
HR,True
HRB,True
HRI,True
HRL,True
HRMY,True
HROW,True
HRTG,True
HRTX,True
HRZN,True
HSAI,True
HSBC,True
HSCS,True
HSCSW,True
HSDT,True
HSHP,True
HSIC,True
HSLV,True
HSPT,True
HSPTR,True
HSPTU,True
HST,True
HSTM,True
HSY,True
HTB,True
HTCO,True
HTCR,True
HTD,True
HTFC,True
HTFL,True
HTGC,True
HTH,True
HTHT,True
HTLD,True
HTLM,True
HTO,True
HTOO,True
HTT,True
HTZ,True
HTZWW,True
HUBB,True
HUBC,True
HUBCW,True
HUBCZ,True
HUBG,True
HUBS,True
HUDI,True
HUHU,True
HUIZ,True
HUM,True
HUMA,True
HUMAW,True
HUN,True
HURA,True
HURC,True
HURN,True
HUT,True
HUYA,True
HVII,True
HVIIR,True
HVIIU,True
HVMC,True
HVMCU,True
HVMCW,True
HVT,True
HWBK,True
HWC,True
HWCPZ,True
HWH,True
HWKN,True
HWM,True
HXHX,True
HXL,True
HY,True
HYFM,True
HYFT,True
HYI,True
HYLN,True
HYMC,True
HYNE,True
HYPD,True
HYPR,True
HYT,True
HZO,True
IAC,True
IACO,True
IACOU,True
IACOW,True
IACQU,True
IAE,True
IAF,True
IAG,True
IART,True
IAUX,True
IBAC,True
IBACR,True
IBCP,True
IBEX,True
IBG,True
IBIO,True
IBKR,True
IBM,True
IBN,True
IBO,True
IBOC,True
IBP,True
IBRX,True
IBTA,True
ICCC,True
ICCM,True
ICE,True
ICFI,True
ICG,True
ICHR,True
ICL,True
ICLR,True
ICMB,True
ICON,True
ICU,True
ICUCW,True
ICUI,True
IDA,True
IDAI,True
IDCC,True
IDE,True
IDN,True
IDR,True
IDT,True
IDXX,True
IDYA,True
IE,True
IEAG,True
IEAGR,True
IEAGU,True
IEP,True
IESC,True
IEX,True
IFBD,True
IFF,True
IFN,True
IFRX,True
IFS,True
IGA,True
IGAC,True
IGACR,True
IGACU,True
IGC,True
IGD,True
IGI,True
IGIC,True
IGR,True
IH,True
IHD,True
IHG,True
IHRT,True
IHS,True
IHT,True
IIF,True
III,True
IIIN,True
IIIV,True
IIM,True
IINN,True
IINNW,True
IIPR,True
IKT,True
ILAG,True
ILLR,True
ILLRW,True
ILLU,True
ILLUU,True
ILLUW,True
ILMN,True
ILPT,True
IMA,True
IMAX,True
IMCC,True
IMCR,True
IMDX,True
IMKTA,True
IMMP,True
IMMR,True
IMMX,True
IMNM,True
IMNN,True
IMO,True
IMOS,True
IMPP,True
IMPPP,True
IMRN,True
IMRX,True
IMSR,True
IMSRW,True
IMTE,True
IMTX,True
IMUX,True
IMVT,True
IMXI,True
INAB,True
INAC,True
INACR,True
INACU,True
INBK,True
INBKZ,True
INBS,True
INBX,True
INCR,True
INCY,True
INDB,True
INDI,True
INDO,True
INDP,True
INDV,True
INEO,True
INFO,False
INFQ,True
INFU,True
INFY,True
ING,True
INGM,True
INGN,True
INGR,True
INHD,True
INKT,True
INLF,True
INLX,True
INM,True
INMB,True
INMD,True
INN,True
INNV,True
INO,True
INOD,True
INR,True
INSE,True
INSG,True
INSM,True
INSP,True
INSW,True
INTA,True
INTC,True
INTG,True
INTJ,True
INTR,True
INTS,True
INTT,True
INTU,True
INTZ,True
INUV,True
INV,True
INVA,True
INVE,True
INVH,True
INVX,True
INVZ,True
IONQ,True
IONR,True
IONS,True
IOR,True
IOSP,True
IOT,True
IOTR,True
IOVA,True
IP,True
IPAR,True
IPCX,True
IPCXR,True
IPCXU,True
IPDN,True
IPEX,True
IPEXR,True
IPEXU,True
IPFXU,True
IPGP,True
IPHA,True
IPI,True
IPM,True
IPOD,True
IPODU,True
IPODW,True
IPSC,True
IPST,True
IPW,True
IPWR,True
IPX,True
IQ,True
IQI,True
IQST,True
IQV,True
IR,True
IRAB,True
IRD,True
IRDM,True
IREN,True
IRHO,True
IRHOR,True
IRHOU,True
IRIX,True
IRM,True
IRMD,True
IRON,True
IRS,True
IRT,True
IRTC,True
IRWD,True
ISBA,True
ISD,True
ISOU,True
ISPC,True
ISPR,True
ISRG,True
ISSC,True
ISTR,True
IT,True
ITGR,True
ITHA,True
ITHAU,True
ITHAW,True
ITIC,True
ITOC,True
ITP,True
ITRG,True
ITRI,True
ITRN,True
ITT,True
ITUB,True
ITW,True
IVA,True
IVDA,True
IVDAW,True
IVF,True
IVR,True
IVT,True
IVVD,True
IVZ,True
IX,True
IXHL,True
IZEA,True
IZM,True
J,True
JACK,True
JACS,True
JAGU,True
JAGX,True
JAKK,True
JAN,True
JANX,True
JATT,True
JAZZ,True
JBDI,True
JBGS,True
JBHT,True
JBI,True
JBIO,True
JBK,True
JBL,True
JBLU,True
JBS,True
JBSS,True
JBTM,True
JCAP,True
JCE,True
JCI,True
JCPNQ,False
JCSE,True
JCTC,True
JD,True
JDZG,True
JEF,True
JELD,True
JEM,True
JENA,True
JF,True
JFB,True
JFIN,True
JFR,True
JFU,True
JG,True
JGH,True
JHG,True
JHI,True
JHS,True
JHX,True
JILL,True
JJSF,True
JKHY,True
JKS,True
JL,True
JLHL,True
JLL,True
JLS,True
JMG,True
JMIA,True
JMM,True
JMSB,True
JNJ,True
JOB,True
JOBY,True
JOE,True
JOF,True
JOUT,True
JOYY,True
JPC,True
JPM,True
JQC,True
JRI,True
JRS,True
JRSH,True
JRVR,True
JSM,True
JSPR,True
JSPRW,True
JTAI,True
JUNS,True
JVA,True
JWEL,True
JXG,True
JXN,True
JYD,True
JYNT,True
JZ,True
JZXN,True
KAI,True
KALA,True
KALU,True
KALV,True
KAPA,True
KARO,True
KB,True
KBDC,True
KBH,True
KBON,True
KBONU,True
KBONW,True
KBR,True
KBSX,True
KC,True
KCHV,True
KCHVR,True
KCHVU,True
KD,True
KDK,True
KDKRW,True
KDP,True
KE,True
KEEL,True
KELYA,True
KELYB,True
KEN,True
KEP,True
KEQU,True
KEX,True
KEY,True
KEYS,True
KF,True
KFFB,True
KFII,True
KFIIR,True
KFIIU,True
KFRC,True
KFS,True
KFY,True
KG,True
KGC,True
KGEI,True
KGS,True
KHC,True
KIDS,True
KIDZ,True
KIDZW,True
KIM,True
KINS,True
KIO,True
KITT,True
KITTW,True
KKR,True
KKRS,True
KKRT,True
KLAC,True
KLAR,True
KLC,True
KLIC,True
KLRA,True
KLRS,True
KLTR,True
KLXE,True
KMB,True
KMDA,True
KMI,True
KMPB,True
KMPR,True
KMRK,True
KMT,True
KMTS,True
KMX,True
KN,True
KNDI,True
KNF,True
KNOP,True
KNRX,True
KNSA,True
KNSL,True
KNTK,True
KNX,True
KO,True
KOD,True
KODK,True
KOF,True
KOP,True
KOPN,True
KORE,True
KOS,True
KOSS,True
KOYN,True
KOYNU,True
KOYNW,True
KPLT,True
KPLTW,True
KPRX,True
KPTI,True
KR,True
KRAQ,True
KRAQU,True
KRAQW,True
KRC,True
KREF,True
KRG,True
KRKR,True
KRMD,True
KRMN,True
KRNT,True
KRNY,True
KRO,True
KROS,True
KRP,True
KRRO,True
KRSP,True
KRT,True
KRUS,True
KRYS,True
KSCP,True
KSPI,True
KSS,True
KT,True
KTB,True
KTCC,True
KTF,True
KTH,True
KTN,True
KTOS,True
KTTA,True
KTTAW,True
KTWO,True
KTWOR,True
KTWOU,True
KULR,True
KURA,True
KUST,True
KVAC,True
KVACU,True
KVACW,True
KVHI,True
KVUE,True
KVYO,True
KW,True
KWM,True
KWMWW,True
KWR,True
KXIN,True
KYIV,True
KYIVW,True
KYMR,True
KYN,True
KYNB,True
KYTX,True
KZIA,True
KZR,True
L,True
LAB,True
LABT,True
LAC,True
LAD,True
LADR,True
LAES,True
LAFA,True
LAFAR,True
LAFAU,True
LAKE,True
LAMR,True
LAND,True
LANDO,True
LANDP,True
LANV,True
LAR,True
LARK,True
LASE,True
LASR,True
LATA,True
LATAU,True
LATAW,True
LAUR,True
LAW,True
LAWR,True
LAZ,True
LB,True
LBGJ,True
LBRDA,True
LBRDK,True
LBRDP,True
LBRT,True
LBRX,True
LBTYA,True
LBTYB,True
LBTYK,True
LC,True
LCCC,True
LCCCR,True
LCCCU,True
LCFY,True
LCFYW,True
LCID,True
LCII,True
LCNB,True
LCTX,True
LCUT,True
LDI,True
LDOS,True
LDP,True
LE,True
LEA,True
LECO,True
LEDS,True
LEE,True
LEG,True
LEGH,True
LEGN,True
LEGO,True
LEGT,True
LEN,True
LENZ,True
LEO,True
LESL,True
LEU,True
LEVI,True
LEXX,True
LFAC,True
LFACU,True
LFACW,True
LFCR,True
LFMD,True
LFMDP,True
LFS,True
LFST,True
LFT,True
LFUS,True
LFVN,True
LFWD,True
LGCB,True
LGCL,True
LGCY,True
LGHL,True
LGI,True
LGIH,True
LGL,True
LGN,True
LGND,True
LGO,True
LGPS,True
LGVN,True
LH,True
LHAI,True
LHSW,True
LHX,True
LI,True
LICN,True
LIDR,True
LIDRW,True
LIEN,True
LIF,True
LIFE,True
LII,True
LILA,True
LILAK,True
LIMN,True
LIMNW,True
LIN,True
LINC,True
LIND,True
LINE,True
LINK,True
LION,True
LIQT,True
LITB,True
LITE,True
LITS,True
LIVE,True
LIVN,True
LIXT,True
LK,False
LKFN,True
LKFT,True
LKQ,True
LKSP,True
LKSPR,True
LKSPU,True
LLY,True
LLYVA,True
LLYVK,True
LMAT,True
LMB,True
LMFA,True
LMND,True
LMNR,True
LMRI,True
LMT,True
LNAI,True
LNC,True
LND,True
LNG,True
LNKD,False
LNKS,True
LNN,True
LNSR,True
LNT,True
LNTH,True
LNZA,True
LNZAW,True
LOAN,True
LOAR,True
LOB,True
LOBO,True
LOCL,True
LOCO,True
LODE,True
LOGI,True
LOKV,True
LOKVU,True
LOKVW,True
LOMA,True
LONA,True
LOOP,True
LOPE,True
LOT,True
LOTWW,True
LOVE,True
LOW,True
LPA,True
LPAA,True
LPAAU,True
LPAAW,True
LPBB,True
LPBBU,True
LPBBW,True
LPCN,True
LPCV,True
LPCVU,True
LPCVW,True
LPG,True
LPL,True
LPLA,True
LPRO,True
LPSN,True
LPTH,True
LPX,True
LQDA,True
LQDT,True
LRCX,True
LRE,True
LRHC,True
LRMR,True
LRN,True
LSAK,True
LSBK,True
LSCC,True
LSE,True
LSF,True
LSH,True
LSPD,True
LSTA,True
LSTR,True
LTBR,True
LTC,True
LTH,True
LTM,True
LTRN,True
LTRX,True
LTRYW,True
LU,True
LUCD,True
LUCK,True
LUCY,True
LUCYW,True
LUD,True
LULU,True
LUMN,True
LUNG,True
LUNR,True
LUV,True
LUXE,True
LVLU,True
LVO,True
LVS,True
LVWR,True
LW,True
LWAC,True
LWACU,True
LWACW,True
LWAY,True
LWLG,True
LX,True
LXEH,True
LXEO,True
LXFR,True
LXP,True
LXRX,True
LXU,True
LYB,True
LYEL,True
LYFT,True
LYG,True
LYTS,True
LYV,True
LZ,True
LZB,True
LZM,True
LZMH,True
M,True
MA,True
MAA,True
MAAS,True
MAC,True
MACI,True
MACIU,True
MACIW,True
MAGH,True
MAGN,True
MAIA,True
MAIN,True
MAIR,True
MAKO,True
MAMA,True
MAMK,True
MAMO,True
MAN,True
MANE,True
MANH,True
MANU,True
MAR,True
MARA,True
MARPS,True
MAS,True
MASI,True
MASK,True
MASS,True
MAT,True
MATH,True
MATV,True
MATW,True
MATX,True
MAX,True
MAYS,True
MAZE,True
MB,True
MBAI,True
MBAV,True
MBAVU,True
MBAVW,True
MBBC,True
MBC,True
MBI,True
MBIN,True
MBINL,True
MBINM,True
MBINN,True
MBIO,True
MBLY,True
MBNKO,True
MBOT,True
MBRX,True
MBUU,True
MBVI,True
MBVIU,True
MBVIW,True
MBWM,True
MBX,True
MC,True
MCAHU,True
MCB,True
MCBS,True
MCD,True
MCFT,True
MCGA,True
MCGAU,True
MCGAW,True
MCHB,True
MCHP,True
MCHPP,True
MCHX,True
MCI,True
MCK,True
MCN,True
MCO,True
MCR,True
MCRB,True
MCRI,True
MCRP,True
MCS,True
MCTA,True
MCW,True
MCY,True
MD,True
MDA,True
MDAI,True
MDAIW,True
MDB,True
MDBH,True
MDCX,True
MDCXW,True
MDGL,True
MDIA,True
MDLN,True
MDLZ,True
MDRR,True
MDT,True
MDU,True
MDV,True
MDWD,True
MDXG,True
MDXH,True
MEC,True
MED,True
MEDP,True
MEGI,True
MEGL,True
MEHA,True
MEI,True
MELI,True
MENS,True
MEOH,True
MERC,True
MESH,True
MESHU,True
MESHW,True
MESO,True
MET,True
META,True
METC,True
METCB,True
METCI,True
METCZ,True
MEVO,True
MEVOU,True
MEVOW,True
MFA,True
MFAN,True
MFAO,True
MFC,True
MFG,True
MFI,True
MFIC,True
MFICL,True
MFIN,True
MFM,True
MG,True
MGA,True
MGEE,True
MGF,True
MGIH,True
MGLD,True
MGM,True
MGN,True
MGNI,True
MGNX,True
MGPI,True
MGR,True
MGRB,True
MGRC,True
MGRD,True
MGRE,True
MGRT,True
MGRX,True
MGTX,True
MGX,True
MGY,True
MGYR,True
MH,True
MHD,True
MHF,True
MHH,True
MHK,True
MHLA,True
MHNC,True
MHO,True
MI,True
MIAX,True
MICC,True
MIDD,True
MIMI,True
MIN,True
MIND,True
MINE,True
MIR,True
MIRA,True
MIRM,True
MIST,True
MITK,True
MITN,True
MITP,True
MITQ,True
MITT,True
MIY,True
MKC,True
MKDW,True
MKDWW,True
MKL,True
MKLY,True
MKLYR,True
MKLYU,True
MKSI,True
MKTW,True
MKTX,True
MKZR,True
MLAA,True
MLAAU,True
MLAAW,True
MLAB,True
MLAC,True
MLACR,True
MLACU,True
MLCI,True
MLCIL,True
MLCO,True
MLEC,True
MLECW,True
MLGO,True
MLI,True
MLKN,True
MLM,True
MLP,True
MLPB,True
MLR,True
MLSS,True
MLTX,True
MLYS,True
MMA,True
MMD,True
MMED,True
MMI,True
MMLP,True
MMM,True
MMS,True
MMSI,True
MMT,True
MMTX,True
MMTXU,True
MMTXW,True
MMU,True
MMYT,True
MNDO,True
MNDR,True
MNDY,True
MNKD,True
MNOV,True
MNPR,True
MNR,True
MNRO,True
MNSB,True
MNSBP,True
MNSO,True
MNST,True
MNTK,True
MNTN,True
MNTS,True
MNTSW,True
MNY,True
MNYWW,True
MO,True
MOB,True
MOBBW,True
MOBI,True
MOBX,True
MOBXW,True
MOD,True
MODD,True
MOGU,True
MOH,True
MOLN,True
MOMO,True
MORN,True
MOS,True
MOV,True
MOVE,True
MP,True
MPA,True
MPAA,True
MPB,True
MPC,True
MPLT,True
MPLX,True
MPT,True
MPTI,True
MPU,True
MPV,True
MPWR,True
MPX,True
MQ,True
MQY,True
MRAM,True
MRBK,True
MRCY,True
MRDN,True
MREO,True
MRK,True
MRKR,True
MRLN,True
MRM,True
MRNA,True
MRNO,True
MRNOW,True
MRP,True
MRSH,True
MRT,True
MRTN,True
MRVI,True
MRVL,True
MRX,True
MS,True
MSA,True
MSAI,True
MSAIW,True
MSB,True
MSBI,True
MSBIP,True
MSC,True
MSCI,True
MSD,True
MSDL,True
MSEX,True
MSFT,True
MSGE,True
MSGM,True
MSGS,True
MSGY,True
MSI,True
MSIF,True
MSLE,True
MSM,True
MSN,True
MSS,True
MSTR,True
MSW,True
MT,True
MTA,True
MTAL,True
MTB,True
MTC,True
MTCH,True
MTD,True
MTDR,True
MTEK,True
MTEKW,True
MTEN,True
MTEX,True
MTG,True
MTH,True
MTLS,True
MTN,True
MTNB,True
MTR,True
MTRN,True
MTRX,True
MTSI,True
MTUS,True
MTVA,True
MTW,True
MTX,True
MTZ,True
MU,True
MUA,True
MUC,True
MUFG,True
MUJ,True
MUR,True
MUSA,True
MUX,True
MUZE,True
MUZEU,True
MUZEW,True
MVBF,True
MVIS,True
MVO,True
MVST,True
MVSTW,True
MWA,True
MWG,True
MWH,True
MWYN,True
MX,True
MXC,True
MXCT,True
MXE,True
MXF,True
MXL,True
MYE,True
MYFW,True
MYGN,True
MYI,True
MYN,True
MYND,True
MYO,True
MYPS,True
MYPSW,True
MYRG,True
MYSE,True
MYSEW,True
MYSZ,True
MYXXU,True
MZTI,True
MZYX,True
NAAS,True
NABL,True
NAC,True
NAD,True
NAGE,True
NAII,True
NAK,True
NAKA,True
NAMI,True
NAMM,True
NAMMW,True
NAMS,True
NAMSW,True
NAN,True
NAT,True
NATH,True
NATL,True
NATR,True
NAUT,True
NAVI,True
NAVN,True
NAZ,True
NB,True
NBB,True
NBBK,True
NBH,True
NBHC,True
NBIS,True
NBIX,True
NBN,True
NBP,True
NBR,True
NBRG,True
NBRGR,True
NBRGU,True
NBTB,True
NBTX,True
NBXG,True
NC,True
NCA,True
NCDL,True
NCEL,True
NCEW,True
NCI,True
NCL,True
NCLH,True
NCMI,True
NCNA,True
NCNO,True
NCPL,True
NCPLW,True
NCRA,True
NCSM,True
NCT,True
NCTY,True
NCV,True
NCZ,True
NDAQ,True
NDLS,True
NDMO,True
NDRA,True
NDSN,True
NE,True
NEA,True
NECB,True
NEE,True
NEGG,True
NEM,True
NEN,True
NEO,True
NEOG,True
NEON,True
NEOV,True
NEOVW,True
NEPH,True
NERV,True
NESR,True
NET,True
NEU,True
NEUP,True
NEWP,True
NEWT,True
NEWTG,True
NEWTH,True
NEWTI,True
NEWTO,True
NEWTP,True
NEXA,True
NEXM,True
NEXN,True
NEXR,True
NEXRW,True
NEXT,True
NFBK,True
NFE,True
NFG,True
NFGC,True
NFJ,True
NFLX,True
NG,True
NGEN,True
NGG,True
NGL,True
NGNE,True
NGS,True
NGVC,True
NGVT,True
NHC,True
NHI,True
NHIC,True
NHICU,True
NHICW,True
NHIVU,True
NHP,True
NHPAP,True
NHPBP,True
NHS,True
NHTC,True
NI,True
NIC,True
NICE,True
NICM,True
NIE,True
NIM,True
NINE,True
NIO,True
NIOBW,True
NIPG,True
NIQ,True
NIU,True
NIVF,True
NIVFW,True
NIXX,True
NIXXW,True
NJR,True
NKE,True
NKLA,False
NKLR,True
NKSH,True
NKTR,True
NKTX,True
NKX,True
NL,True
NLOP,True
NLY,True
NMAI,True
NMAX,True
NMCO,True
NMFC,True
NMFCZ,True
NMG,True
NMI,True
NMIH,True
NML,True
NMM,True
NMP,True
NMPAR,True
NMPAU,True
NMR,True
NMRA,True
NMRK,True
NMS,True
NMT,True
NMTC,True
NMZ,True
NN,True
NNAVW,True
NNBR,True
NNDM,True
NNE,True
NNI,True
NNN,True
NNNN,True
NNOX,True
NNVC,True
NNY,True
NOA,True
NOAH,True
NOC,True
NODK,True
NOEM,True
NOEMR,True
NOEMU,True
NOEMW,True
NOG,True
NOK,True
NOMA,True
NOMD,True
NOTV,True
NOV,True
NOVT,True
NOVTU,True
NOW,True
NP,True
NPAC,True
NPACU,True
NPACW,True
NPB,True
NPCE,True
NPCT,True
NPFD,True
NPK,True
NPKI,True
NPO,True
NPT,True
NPV,True
NPWR,True
NRC,True
NRDS,True
NRDY,True
NREF,True
NRG,True
NRGV,True
NRIM,True
NRIX,True
NRK,True
NRO,True
NRP,True
NRSN,True
NRSNW,True
NRT,True
NRUC,True
NRXP,True
NRXPW,True
NRXS,True
NSA,True
NSC,True
NSIT,True
NSP,True
NSPR,True
NSRX,True
NSSC,True
NSTS,True
NSYS,True
NTAP,True
NTB,True
NTCL,True
NTCT,True
NTES,True
NTGR,True
NTHI,True
NTIC,True
NTIP,True
NTLA,True
NTNX,True
NTR,True
NTRA,True
NTRB,True
NTRBW,True
NTRP,True
NTRS,True
NTRSO,True
NTSK,True
NTST,True
NTWK,True
NTWO,True
NTWOU,True
NTWOW,True
NTZ,True
NU,True
NUAI,True
NUAIW,True
NUCL,True
NUCLW,True
NUE,True
NUS,True
NUTR,True
NUTX,True
NUV,True
NUVB,True
NUVL,True
NUW,True
NUWE,True
NVA,True
NVAWW,True
NVAX,True
NVCR,True
NVCT,True
NVDA,True
NVEC,True
NVG,True
NVGS,True
NVMI,True
NVNI,True
NVNIW,True
NVNO,True
NVO,True
NVR,True
NVRI,True
NVS,True
NVST,True
NVT,True
NVTS,True
NVVE,True
NVX,True
NWAX,True
NWBI,True
NWE,True
NWFL,True
NWG,True
NWGL,True
NWL,True
NWN,True
NWPX,True
NWS,True
NWSA,True
NWTG,True
NX,True
NXDR,True
NXDT,True
NXE,True
NXG,True
NXGL,True
NXGLW,True
NXL,True
NXP,True
NXPI,True
NXPL,True
NXPLW,True
NXRT,True
NXST,True
NXT,True
NXTC,True
NXTS,True
NXTT,True
NXXT,True
NYAX,True
NYC,True
NYT,True
NYXH,True
NZF,True
O,True
OABI,True
OABIW,True
OACC,True
OACCU,True
OACCW,True
OBA,True
OBAI,True
OBAWU,True
OBAWW,True
OBDC,True
OBE,True
OBIO,True
OBK,True
OBT,True
OC,True
OCC,True
OCCI,True
OCCIM,True
OCCIN,True
OCFC,True
OCG,True
OCGN,True
OCS,True
OCSAW,True
OCSL,True
OCUL,True
ODC,True
ODD,True
ODFL,True
ODTX,True
ODV,True
ODVWZ,True
ODYS,True
OEC,True
OESX,True
OFAL,True
OFG,True
OFIX,True
OFLX,True
OFRM,True
OFS,True
OFSSH,True
OFSSO,True
OGC,True
OGCP,True
OGE,True
OGEN,True
OGI,True
OGN,True
OGS,True
OHI,True
OI,True
OIA,True
OII,True
OIM,True
OIMAU,True
OIMAW,True
OIO,True
OIOWW,True
OIS,True
OKE,True
OKLO,True
OKTA,True
OKUR,True
OKYO,True
OLB,True
OLED,True
OLLI,True
OLMA,True
OLN,True
OLOX,True
OLP,True
OLPX,True
OM,True
OMAB,True
OMC,True
OMCL,True
OMDA,True
OMER,True
OMEX,True
OMF,True
OMH,True
OMSE,True
ON,True
ONB,True
ONBPO,True
ONBPP,True
ONC,True
ONCH,True
ONCHU,True
ONCHW,True
ONCO,True
ONCY,True
ONDS,True
ONEG,True
ONEW,True
ONFO,True
ONFOW,True
ONIT,True
ONL,True
ONMD,True
ONMDW,True
ONON,True
ONT,True
ONTO,True
OOMA,True
OPAD,True
OPAL,True
OPBK,True
OPCH,True
OPEN,True
OPENL,True
OPENW,True
OPENZ,True
OPFI,True
OPHC,True
OPK,True
OPLN,True
OPP,True
OPRA,True
OPRT,True
OPRX,True
OPTT,True
OPTU,True
OPTX,True
OPTXW,True
OPXS,True
OPY,True
OR,True
ORA,True
ORBS,True
ORC,True
ORCL,True
ORGN,True
ORGNW,True
ORGO,True
ORI,True
ORIC,True
ORIO,True
ORIQ,True
ORIQU,True
ORIQW,True
ORIS,True
ORKA,True
ORKT,True
ORLA,True
ORLY,True
ORMP,True
ORN,True
ORRF,True
OSBC,True
OSCR,True
OSG,True
OSIS,True
OSK,True
OSPN,True
OSRH,True
OSRHW,True
OSS,True
OST,True
OSTX,True
OSUR,True
OSW,True
OTEX,True
OTF,True
OTGA,True
OTGAU,True
OTGAW,True
OTH,True
OTIS,True
OTLK,True
OTLY,True
OTTR,True
OUST,True
OUT,True
OVBC,True
OVID,True
OVLY,True
OVV,True
OWL,True
OWLS,True
OWLT,True
OXBR,True
OXBRW,True
OXLC,True
OXLCG,True
OXLCI,True
OXLCL,True
OXLCM,True
OXLCN,True
OXLCO,True
OXLCP,True
OXLCZ,True
OXM,True
OXSQ,True
OXSQG,True
OXSQH,True
OXY,True
OYSE,True
OYSER,True
OYSEU,True
OZ,True
OZK,True
OZKAP,True
P,True
PAA,True
PAAC,True
PAACU,True
PAACW,True
PAAS,True
PAC,True
PACB,True
PACH,True
PACHU,True
PACHW,True
PACK,True
PACS,True
PAG,True
PAGP,True
PAGS,True
PAHC,True
PAI,True
PAII,True
PAL,True
PALI,True
PALO,True
PALOU,True
PALOW,True
PAM,True
PAMT,True
PANL,True
PANW,True
PAPL,True
PAR,True
PARK,True
PARR,True
PASG,True
PASW,True
PATH,True
PATK,True
PAVM,True
PAVS,True
PAX,True
PAXS,True
PAY,True
PAYC,True
PAYO,True
PAYP,True
PAYS,True
PAYX,True
PB,True
PBA,True
PBF,True
PBFS,True
PBH,True
PBHC,True
PBI,True
PBM,True
PBMWW,True
PBR,True
PBT,True
PBYI,True
PC,True
PCAP,True
PCAPU,True
PCAPW,True
PCAR,True
PCB,True
PCF,True
PCG,True
PCLA,True
PCM,True
PCN,True
PCOR,True
PCQ,True
PCRX,True
PCSA,True
PCSC,True
PCT,True
PCTTU,True
PCTTW,True
PCTY,True
PCVX,True
PCYO,True
PD,True
PDC,True
PDCC,True
PDD,True
PDEX,True
PDFS,True
PDI,True
PDLB,True
PDM,True
PDO,True
PDPA,True
PDS,True
PDSB,True
PDT,True
PDX,True
PDYN,True
PDYNW,True
PEB,True
PEBK,True
PEBO,True
PECO,True
PED,True
PEG,True
PEGA,True
PEN,True
PENG,True
PENN,True
PEO,True
PEP,True
PEPG,True
PERF,True
PERI,True
PESI,True
PETS,True
PETZ,True
PEW,True
PFAI,True
PFBC,True
PFD,True
PFE,True
PFFL,True
PFG,True
PFGC,True
PFH,True
PFIS,True
PFL,True
PFLT,True
PFN,True
PFO,True
PFS,True
PFSA,True
PFSI,True
PFX,True
PFXNZ,True
PG,True
PGAC,True
PGACR,True
PGACU,True
PGC,True
PGEN,True
PGNY,True
PGP,True
PGR,True
PGY,True
PGYWW,True
PGZ,True
PH,True
PHAR,True
PHAT,True
PHG,True
PHGE,True
PHI,True
PHIN,True
PHIO,True
PHK,True
PHM,True
PHOE,True
PHR,True
PHUN,True
PHVS,True
PI,True
PICS,True
PII,True
PIII,True
PIIIW,True
PIM,True
PINE,True
PINS,True
PIPR,True
PJT,True
PK,True
PKBK,True
PKE,True
PKG,True
PKOH,True
PKX,True
PL,True
PLAB,True
PLAG,True
PLAY,True
PLBC,True
PLBL,True
PLBY,True
PLCE,True
PLD,True
PLG,True
PLMK,True
PLMKU,True
PLMKW,True
PLMR,True
PLNT,True
PLOW,True
PLPC,True
PLRX,True
PLRZ,True
PLSE,True
PLSM,True
PLTK,True
PLTR,True
PLTS,True
PLUG,True
PLUR,True
PLUS,True
PLUT,True
PLX,True
PLXS,True
PLYX,True
PM,True
PMAX,True
PMCB,True
PMEC,True
PMI,True
PML,True
PMM,True
PMN,True
PMNT,True
PMO,True
PMT,True
PMTR,True
PMTRU,True
PMTRW,True
PMTS,True
PMTU,True
PMTV,True
PMTW,True
PMVP,True
PN,True
PNBK,True
PNC,True
PNFP,True
PNI,True
PNNT,True
PNR,True
PNRG,True
PNTG,True
PNW,True
POAS,True
POCI,True
PODC,True
PODD,True
POET,True
POLA,True
POLE,True
POLEU,True
POLEW,True
POM,True
PONO,True
PONOR,True
PONOU,True
PONY,True
POOL,True
POR,True
POST,True
POWI,True
POWL,True
POWW,True
POWWP,True
PPBT,True
PPC,True
PPCB,True
PPG,True
PPHC,True
PPIH,True
PPL,True
PPLC,True
PPSI,True
PPT,True
PPTA,True
PR,True
PRA,True
PRAA,True
PRAX,True
PRCH,True
PRCT,True
PRDO,True
PRE,True
PRENW,True
PRFX,True
PRG,True
PRGO,True
PRGS,True
PRH,True
PRHI,True
PRHIZ,True
PRI,True
PRIM,True
PRK,True
PRKS,True
PRLB,True
PRLD,True
PRM,True
PRMB,True
PRME,True
PROF,True
PROK,True
PROP,True
PROV,True
PRPL,True
PRPO,True
PRQR,True
PRS,True
PRSO,True
PRSU,True
PRT,True
PRTA,True
PRTC,True
PRTH,True
PRTS,True
PRU,True
PRVA,True
PRZO,True
PS,True
PSA,True
PSBD,True
PSEC,True
PSF,True
PSFE,True
PSHG,True
PSIG,True
PSIX,True
PSKY,True
PSMT,True
PSN,True
PSNL,True
PSNY,True
PSNYW,True
PSO,True
PSQH,True
PSTL,True
PSTV,True
PSUS,True
PSX,True
PTA,True
PTC,True
PTCT,True
PTEN,True
PTGX,True
PTHS,True
PTLE,True
PTLO,True
PTN,True
PTNM,True
PTON,True
PTOR,True
PTORU,True
PTORW,True
PTRN,True
PTY,True
PUBM,True
PUK,True
PULM,True
PUMP,True
PURR,True
PVH,True
PVL,True
PVLA,True
PW,True
PWP,True
PWR,True
PXED,True
PXLW,True
PXS,True
PYPD,True
PYPL,True
PYT,True
PYXS,True
PZG,True
PZZA,True
Q,True
QADRU,True
QBTS,True
QCLS,True
QCOM,True
QCRH,True
QDEL,True
QETA,True
QETAR,True
QETAU,True
QFIN,True
QGEN,True
QLYS,True
QMCO,True
QMMM,True
QNC,True
QNCX,True
QNRX,True
QNST,True
QNTM,True
QQQX,True
QRED,True
QRHC,True
QRVO,True
QS,True
QSEA,True
QSEAR,True
QSEAU,True
QSI,True
QSIAW,True
QSR,True
QTI,True
QTRX,True
QTTB,True
QTWO,True
QUAD,True
QUBT,True
QUCY,True
QUIK,True
QUMS,True
QUMSR,True
QUMSU,True
QURE,True
QXL,True
QXO,True
R,True
RA,True
RAAQ,True
RAAQU,True
RAAQW,True
RAC,True
RACE,True
RADX,True
RAIL,True
RAIN,True
RAINW,True
RAL,True
RAMP,True
RAND,True
RANG,True
RANGR,True
RANGU,True
RANI,True
RAPP,True
RARE,True
RAVE,True
RAY,True
RAYA,True
RBA,True
RBB,True
RBBN,True
RBC,True
RBCAA,True
RBKB,True
RBLX,True
RBNE,True
RBRK,True
RC,True
RCAT,True
RCD,True
RCEL,True
RCG,True
RCI,True
RCKT,True
RCKTW,True
RCKY,True
RCL,True
RCMT,True
RCON,True
RCS,True
RCT,True
RCUS,True
RDAC,True
RDACR,True
RDACU,True
RDAG,True
RDAGU,True
RDAGW,True
RDCM,True
RDDT,True
RDFN,False
RDGT,True
RDHL,True
RDI,True
RDIB,True
RDN,True
RDNT,True
RDNW,True
RDVT,True
RDW,True
RDWR,True
RDY,True
RDZN,True
RDZNW,True
REA,True
REAL,True
REAX,True
REBN,True
RECT,True
REE,True
REED,True
REFI,True
REFR,True
REG,True
REGCO,True
REGCP,True
REGN,True
REI,True
REKR,True
RELL,True
RELX,True
RELY,True
RENT,True
RENX,True
REPL,True
REPX,True
RERE,True
RES,True
RETO,True
REVB,True
REVBW,True
REX,True
REXR,True
REYN,True
REZI,True
RF,True
RFAI,True
RFAIR,True
RFAIU,True
RFAM,True
RFAMR,True
RFAMU,True
RFI,True
RFIL,True
RFL,True
RFM,True
RFMZ,True
RGA,True
RGC,True
RGCO,True
RGEN,True
RGLD,True
RGNT,True
RGNX,True
RGP,True
RGR,True
RGS,True
RGT,True
RGTI,True
RGTIW,True
RH,True
RHI,True
RHLD,True
RHP,True
RIBB,True
RIBBR,True
RIBBU,True
RICK,True
RIDE,False
RIG,True
RIGL,True
RILY,True
RILYG,True
RILYL,True
RILYN,True
RILYP,True
RILYT,True
RILYZ,True
RIME,True
RIO,True
RIOT,True
RITM,True
RITR,True
RIV,True
RIVN,True
RJET,True
RJF,True
RKDA,True
RKLB,True
RKT,True
RL,True
RLAY,True
RLGT,True
RLI,True
RLJ,True
RLMD,True
RLTY,True
RLX,True
RLYB,True
RM,True
RMAX,True
RMBI,True
RMBS,True
RMCF,True
RMCO,True
RMCOW,True
RMD,True
RMI,True
RMIX,True
RMM,True
RMMZ,True
RMNI,True
RMR,True
RMSG,True
RMSGW,True
RMT,True
RMTI,True
RNA,True
RNAC,True
RNAZ,True
RNG,True
RNGR,True
RNGT,True
RNGTU,True
RNGTW,True
RNP,True
RNR,True
RNST,True
RNTX,True
RNW,True
RNWWW,True
RNXT,True
ROAD,True
ROC,True
ROCK,True
ROG,True
ROIV,True
ROK,True
ROKU,True
ROL,True
ROLR,True
ROMA,True
ROOT,True
ROP,True
ROST,True
RPAY,True
RPC,True
RPD,True
RPGL,True
RPID,True
RPM,True
RPRX,True
RPT,True
RQI,True
RR,True
RRBI,True
RRC,True
RREVU,True
RRGB,True
RRR,True
RRX,True
RS,True
RSF,True
RSG,True
RSI,True
RSKD,True
RSSS,True
RSVR,True
RSVRW,True
RTAC,True
RTACU,True
RTACW,True
RTO,True
RTX,True
RUBI,True
RUM,True
RUMBW,True
RUN,True
RUSHA,True
RUSHB,True
RVI,True
RVLV,True
RVMD,True
RVMDW,True
RVP,True
RVPH,True
RVSB,True
RVSN,True
RVSNW,True
RVT,True
RVTY,True
RVYL,True
RWAY,True
RWAYI,True
RWAYL,True
RWT,True
RWTN,True
RWTO,True
RWTP,True
RWTQ,True
RXO,True
RXRX,True
RXST,True
RXT,True
RY,True
RYAAY,True
RYAM,True
RYAN,True
RYDE,True
RYET,True
RYM,True
RYN,True
RYOJ,True
RYTM,True
RYZ,True
RZB,True
RZC,True
RZLT,True
RZLV,True
RZLVW,True
S,True
SA,True
SAAQ,True
SAAQU,True
SAAQW,True
SABA,True
SABR,True
SABS,True
SABSW,True
SAC,True
SACH,True
SAFE,True
SAFT,True
SAFX,True
SAGT,True
SAH,True
SAIA,True
SAIC,True
SAIH,True
SAIHW,True
SAIL,True
SAJ,True
SAM,True
SAMG,True
SAN,True
SANA,True
SANG,True
SANM,True
SAP,True
SAR,True
SARO,True
SAT,True
SATA,True
SATL,True
SATLW,True
SATS,True
SAV,True
SAVA,False
SAY,True
SAZ,True
SB,True
SBAC,True
SBC,True
SBCF,True
SBCWW,True
SBET,True
SBEV,True
SBFG,True
SBFM,True
SBFMW,True
SBGI,True
SBH,True
SBI,True
SBLK,True
SBMT,True
SBNY,False
SBR,True
SBRA,True
SBS,True
SBSI,True
SBSW,True
SBUX,True
SBXD,True
SBXE,True
SCAG,True
SCAGW,True
SCCD,True
SCCE,True
SCCF,True
SCCG,True
SCCO,True
SCD,True
SCHL,True
SCHW,True
SCI,True
SCII,True
SCIIR,True
SCIIU,True
SCKT,True
SCL,True
SCLX,True
SCLXW,True
SCM,True
SCNI,True
SCNX,True
SCOR,True
SCPQ,True
SCPQU,True
SCPQW,True
SCSC,True
SCTY,False
SCVL,True
SCWO,True
SCYX,True
SCZM,True
SD,True
SDA,True
SDAWW,True
SDEV,True
SDGR,True
SDHC,True
SDHI,True
SDHIR,True
SDHIU,True
SDHY,True
SDM,True
SDOT,True
SDRL,True
SDST,True
SDSTW,True
SE,True
SEAT,True
SEATW,True
SEB,True
SEDG,True
SEED,True
SEER,True
SEG,True
SEGG,True
SEI,True
SEIC,True
SELF,True
SELX,True
SEM,True
SENEA,True
SENEB,True
SENS,True
SEPN,True
SER,True
SERA,True
SERV,True
SES,True
SEV,True
SEVN,True
SEZL,True
SF,True
SFB,True
SFBC,True
SFBS,True
SFD,True
SFHG,True
SFIX,True
SFL,True
SFM,True
SFNC,True
SFST,True
SFWL,True
SG,True
SGA,True
SGC,True
SGHC,True
SGHT,True
SGI,True
SGLY,True
SGML,True
SGMT,True
SGP,True
SGRP,True
SGRY,True
SGU,True
SHAK,True
SHAZ,True
SHBI,True
SHC,True
SHEL,True
SHEN,True
SHFS,True
SHFSW,True
SHG,True
SHIM,True
SHIP,True
SHLS,True
SHMD,True
SHMDW,True
SHO,True
SHOO,True
SHOP,True
SHPH,True
SHW,True
SI,True
SIBN,True
SID,True
SIDU,True
SIEB,True
SIF,True
SIFY,True
SIG,True
SIGA,True
SIGI,True
SIGIP,True
SII,True
SILA,True
SILC,True
SILO,True
SIM,True
SIMA,True
SIMAU,True
SIMAW,True
SIMO,True
SINT,True
SION,True
SIRI,True
SITC,True
SITE,True
SITM,True
SIVB,False
SJ,True
SJM,True
SJT,True
SKBL,True
SKE,True
SKIL,True
SKIN,True
SKK,True
SKLZ,True
SKM,True
SKT,True
SKWD,True
SKY,True
SKYE,True
SKYH,True
SKYQ,True
SKYT,True
SKYW,True
SKYX,True
SLAB,True
SLAI,True
SLB,True
SLDB,True
SLDE,True
SLDP,True
SLDPW,True
SLE,True
SLF,True
SLG,True
SLGB,True
SLGL,True
SLGN,True
SLI,True
SLM,True
SLMBP,True
SLMT,True
SLN,True
SLND,True
SLNG,True
SLNH,True
SLNHP,True
SLNO,True
SLP,True
SLQT,True
SLRC,True
SLS,True
SLSN,True
SLSR,True
SLVM,True
SLXN,True
SLXNW,True
SM,True
SMA,True
SMBC,True
SMBK,True
SMC,True
SMCI,True
SMFG,True
SMG,True
SMHB,True
SMHI,True
SMID,True
SMJF,True
SMMT,True
SMP,True
SMPL,True
SMR,True
SMRT,True
SMSI,True
SMTC,True
SMTI,True
SMTK,True
SMWB,True
SMX,True
SMXT,True
SMXWW,True
SN,True
SNA,True
SNAL,True
SNAP,True
SNBR,True
SNCY,True
SND,True
SNDA,True
SNDK,True
SNDL,True
SNDR,True
SNDX,True
SNES,True
SNEX,True
SNFCA,True
SNGX,True
SNN,True
SNOA,True
SNOW,True
SNPS,True
SNSE,True
SNT,True
SNTG,True
SNTI,True
SNWV,True
SNX,True
SNY,True
SNYR,True
SO,True
SOAR,True
SOBO,True
SOBR,True
SOC,True
SOCA,True
SOCAU,True
SOCAW,True
SOFI,True
SOGP,True
SOHU,True
SOJC,True
SOJD,True
SOJE,True
SOJF,True
SOLS,True
SOLV,True
SOMN,True
SON,True
SONM,True
SONO,True
SONY,True
SOPA,True
SOPH,True
SOR,True
SORA,True
SORN,True
SORNU,True
SORNW,True
SOS,True
SOTK,True
SOUL,True
SOUN,True
SOUNW,True
SOWG,True
SPAI,True
SPB,True
SPCB,True
SPCE,True
SPE,True
SPEG,True
SPEGR,True
SPEGU,True
SPFI,True
SPG,True
SPGI,True
SPH,True
SPHL,True
SPHR,True
SPIR,True
SPKL,True
SPKLU,True
SPKLW,True
SPMA,True
SPMC,True
SPME,True
SPNT,True
SPOK,True
SPOT,True
SPPL,True
SPRB,True
SPRC,True
SPRO,True
SPRU,True
SPRY,True
SPSC,True
SPT,True
SPTX,True
SPWH,True
SPWR,True
SPWRW,True
SPXC,True
SPXX,True
SQFT,True
SQFTP,True
SQFTW,True
SQM,True
SQNS,True
SR,True
SRAD,True
SRBK,True
SRCE,True
SRE,True
SREA,True
SRFM,True
SRG,True
SRI,True
SRJN,True
SRL,True
SRPT,True
SRRK,True
SRTA,True
SRTS,True
SRV,True
SRXH,True
SRZN,True
SRZNW,True
SSAC,True
SSACR,True
SSACU,True
SSACW,True
SSB,True
SSBI,True
SSD,True
SSEA,True
SSEAR,True
SSEAU,True
SSII,True
SSL,True
SSM,True
SSNC,True
SSP,True
SSRM,True
SSSS,True
SSSSL,True
SST,True
SSTI,True
SSTK,True
SSYS,True
ST,True
STAA,True
STAG,True
STAK,True
STBA,True
STC,True
STE,True
STEL,True
STEM,True
STEP,True
STEW,True
STEX,True
STFS,True
STG,True
STGW,True
STHO,True
STI,True
STIM,True
STK,True
STKE,True
STKH,True
STKS,True
STLA,True
STLD,True
STM,True
STN,True
STNE,True
STNG,True
STOK,True
STRA,True
STRC,True
STRD,True
STRF,True
STRK,True
STRL,True
STRO,True
STRR,True
STRRP,True
STRS,True
STRT,True
STRW,True
STRZ,True
STSS,True
STSSW,True
STT,True
STTK,True
STUB,True
STVN,True
STWD,True
STX,True
STXS,True
STZ,True
SU,True
SUGP,True
SUI,True
SUIG,True
SUJA,True
SUMA,True
SUMAR,True
SUMAU,True
SUN,True
SUNB,True
SUNC,True
SUNE,True
SUNS,True
SUPN,True
SUPV,True
SUPX,True
SURG,True
SUUN,True
SUZ,True
SVA,True
SVAC,True
SVACU,True
SVACW,True
SVAQ,True
SVAQU,True
SVAQW,True
SVC,True
SVCC,True
SVCCU,True
SVCCW,True
SVCO,True
SVIV,True
SVIVU,True
SVIVW,True
SVM,True
SVRA,True
SVRE,True
SVREW,True
SVRN,True
SVV,True
SW,True
SWAG,True
SWAGW,True
SWBI,True
SWIM,True
SWK,True
SWKHL,True
SWKS,True
SWMR,True
SWVL,True
SWVLW,True
SWX,True
SWZ,True
SXC,True
SXI,True
SXT,True
SXTC,True
SXTP,True
SXTPW,True
SY,True
SYBT,True
SYF,True
SYK,True
SYM,True
SYNA,True
SYNX,True
SYPR,True
SYRE,True
SYY,True
SZZL,True
SZZLR,True
SZZLU,True
T,True
TAC,True
TACH,True
TACHU,True
TACHW,True
TACO,True
TACOU,True
TACOW,True
TACT,True
TAK,True
TAL,True
TALK,True
TALKW,True
TALO,True
TANH,True
TAOP,True
TAOX,True
TAP,True
TARA,True
TARS,True
TASK,True
TATT,True
TAVI,True
TAVIR,True
TAVIU,True
TAYD,True
TBB,True
TBBB,True
TBBK,True
TBCH,True
TBH,True
TBI,True
TBLA,True
TBLAW,True
TBLD,True
TBN,True
TBPH,True
TBRG,True
TC,True
TCBI,True
TCBIO,True
TCBK,True
TCBS,True
TCBX,True
TCGL,True
TCI,True
TCMD,True
TCOM,True
TCPA,True
TCPC,True
TCRT,True
TCRX,True
TCX,True
TD,True
TDAC,True
TDACU,True
TDACW,True
TDAY,True
TDC,True
TDF,True
TDG,True
TDIC,True
TDOC,True
TDS,True
TDTH,True
TDUP,True
TDW,True
TDWD,True
TDWDR,True
TDWDU,True
TDY,True
TE,True
TEAD,True
TEAM,True
TECH,True
TECK,True
TECX,True
TEI,True
TEL,True
TELA,True
TELO,True
TEM,True
TEN,True
TENB,True
TENX,True
TEO,True
TER,True
TEVA,True
TEX,True
TFC,True
TFII,True
TFIN,True
TFPM,True
TFSL,True
TFX,True
TG,True
TGB,True
TGE,True
TGEN,True
TGHL,True
TGL,True
TGLS,True
TGS,True
TGT,True
TGTX,True
TH,True
THC,True
THCH,True
THFF,True
THG,True
THH,True
THM,True
THO,True
THQ,True
THR,True
THRM,True
THRY,True
THW,True
TIC,True
TIGO,True
TIGR,True
TII,True
TIL,True
TILE,True
TIMB,True
TIPT,True
TISI,True
TITN,True
TJGC,True
TJX,True
TK,True
TKC,True
TKLF,True
TKNO,True
TKO,True
TKR,True
TLF,True
TLIH,True
TLK,True
TLN,True
TLNC,True
TLNCU,True
TLNCW,True
TLPH,True
TLRY,True
TLS,True
TLSA,True
TLSI,True
TLSIW,True
TLX,True
TLYS,True
TM,True
TMC,True
TMCI,True
TMCR,True
TMCWW,True
TMDE,True
TMDX,True
TME,True
TMHC,True
TMO,True
TMP,True
TMQ,True
TMTS,True
TMTSU,True
TMTSW,True
TMUS,True
TMUSI,True
TMUSL,True
TMUSZ,True
TNC,True
TNDM,True
TNET,True
TNGX,True
TNK,True
TNL,True
TNMG,True
TNON,True
TNONW,True
TNXP,True
TNYA,True
TOI,True
TOIIW,True
TOL,True
TOMZ,True
TONX,True
TOON,True
TOP,True
TOPP,True
TOPS,True
TORO,True
TOST,True
TOUR,True
TOVX,True
TOWN,True
TOYO,True
TPB,True
TPC,True
TPCS,True
TPET,True
TPG,True
TPGXL,True
TPH,True
TPL,True
TPR,True
TPST,True
TPTA,True
TPVG,True
TR,True
TRAD,True
TRAK,True
TRAW,True
TRAX,True
TRC,True
TRCH,False
TRDA,True
TREE,True
TREX,True
TRGP,True
TRGS,True
TRGSR,True
TRGSU,True
TRI,True
TRIB,True
TRIN,True
TRINI,True
TRINZ,True
TRIP,True
TRMB,True
TRMD,True
TRMK,True
TRN,True
TRNO,True
TRNR,True
TRNS,True
TRON,True
TROO,True
TROW,True
TROX,True
TRP,True
TRS,True
TRSG,True
TRST,True
TRT,True
TRTX,True
TRU,True
TRUG,True
TRUP,True
TRV,True
TRVG,True
TRVI,True
TRX,True
TS,True
TSAT,True
TSBK,True
TSCO,True
TSEM,True
TSHA,True
TSI,True
TSLA,True
TSLX,True
TSM,True
TSN,True
TSQ,True
TSSI,True
TT,True
TTAM,True
TTAN,True
TTC,True
TTD,True
TTE,True
TTEC,True
TTEK,True
TTGT,True
TTI,True
TTMI,True
TTRX,True
TTWO,True
TU,True
TULP,True
TURB,True
TUSK,True
TUYA,True
TV,True
TVA,True
TVACU,True
TVACW,True
TVAI,True
TVAIR,True
TVAIU,True
TVC,True
TVE,True
TVGN,True
TVGNW,True
TVRD,True
TVTX,True
TW,True
TWAV,True
TWFG,True
TWG,True
TWI,True
TWIN,True
TWLO,True
TWLV,True
TWLVR,True
TWLVU,True
TWN,True
TWO,True
TWOD,True
TWST,True
TWTR,False
TWX,False
TX,True
TXG,True
TXMD,True
TXN,True
TXNM,True
TXO,True
TXRH,True
TXT,True
TY,True
TYG,True
TYGO,True
TYL,True
TYRA,True
TZOO,True
U,True
UA,True
UAA,True
UAC,True
UAL,True
UAMY,True
UAN,True
UAVS,True
UBCP,True
UBER,True
UBS,True
UBSI,True
UBXG,True
UCAR,True
UCB,True
UCFI,True
UCFIW,True
UCIB,True
UCL,True
UCTT,True
UDMY,True
UDR,True
UE,True
UEC,True
UEIC,True
UFCS,True
UFG,True
UFI,True
UFPI,True
UFPT,True
UG,True
UGI,True
UGP,True
UGRO,True
UHAL,True
UHS,True
UHT,True
UI,True
UIS,True
UK,True
UL,True
ULBI,True
ULCC,True
ULH,True
ULS,True
ULTA,True
UMAC,True
UMBF,True
UMBFO,True
UMC,True
UMH,True
UNB,True
UNCY,True
UNF,True
UNFI,True
UNH,True
UNIT,True
UNM,True
UNMA,True
UNP,True
UNTY,True
UONE,True
UONEK,True
UP,True
UPB,True
UPBD,True
UPC,True
UPLD,True
UPS,True
UPST,True
UPWK,True
UPXI,True
URBN,True
URG,True
URGN,True
URI,True
UROY,True
USA,True
USAC,True
USAR,True
USAS,True
USAU,True
USB,True
USBC,True
USCB,True
USEA,True
USEG,True
USFD,True
USGO,True
USGOW,True
USIO,True
USLM,True
USNA,True
USPH,True
UTF,True
UTG,True
UTHR,True
UTI,True
UTL,True
UTMD,True
UTSI,True
UTZ,True
UUU,True
UUUU,True
UVE,True
UVSP,True
UVV,True
UWMC,True
UXIN,True
UYSC,True
UYSCR,True
UYSCU,True
UZD,True
UZE,True
UZF,True
V,True
VABK,True
VAC,True
VACH,True
VACHU,True
VACHW,True
VACI,True
VAL,True
VALE,True
VALN,True
VALU,True
VANI,True
VATE,True
VBF,True
VBIO,True
VBNK,True
VC,True
VCEL,True
VCIG,True
VCTR,True
VCV,True
VCX,True
VCYT,True
VECO,True
VEEA,True
VEEAW,True
VEEE,True
VEEV,True
VEL,True
VELO,True
VENU,True
VEON,True
VERA,True
VERI,True
VERU,True
VERX,True
VET,True
VFC,True
VFF,True
VFL,True
VFS,True
VFSWW,True
VG,True
VGAS,True
VGASW,True
VGI,True
VGM,True
VGNT,True
VGZ,True
VHC,True
VHCP,True
VHCPU,True
VHCPW,True
VHI,True
VHUB,True
VIA,True
VIASP,True
VIAV,True
VICI,True
VICR,True
VIK,True
VINP,True
VIOT,True
VIPS,True
VIR,True
VIRC,True
VIRT,True
VISN,True
VIST,True
VITL,True
VIV,True
VIVK,True
VIVO,True
VIVS,True
VKI,True
VKQ,True
VKTX,True
VLGEA,True
VLN,True
VLO,True
VLRS,True
VLT,True
VLTO,True
VLY,True
VLYPN,True
VLYPO,True
VLYPP,True
VMAR,True
VMC,True
VMD,True
VMET,True
VMI,True
VMO,True
VMW,False
VNCE,True
VNDA,True
VNET,True
VNME,True
VNMEU,True
VNMEW,True
VNO,True
VNOM,True
VNRX,True
VNT,True
VNTG,True
VOC,True
VOD,True
VOR,True
VOXR,True
VOYA,True
VOYG,True
VPG,True
VPV,True
VRA,True
VRAX,True
VRCA,True
VRDN,True
VRE,True
VREX,True
VRM,True
VRME,True
VRNS,True
VRRM,True
VRSK,True
VRSN,True
VRT,True
VRTS,True
VRTX,True
VS,True
VSA,True
VSAT,True
VSCO,True
VSEC,True
VSECU,True
VSEE,True
VSEEW,True
VSH,True
VSME,True
VSNT,True
VST,True
VSTD,True
VSTM,True
VSTS,True
VTAK,True
VTEX,True
VTGN,True
VTIX,True
VTMX,True
VTN,True
VTOL,True
VTR,True
VTRS,True
VTS,True
VTSI,True
VTVT,True
VUZI,True
VVOS,True
VVR,True
VVV,True
VVX,True
VWAV,True
VWAVW,True
VXX,True
VXZ,True
VYGR,True
VYNE,True
VYX,True
VZ,True
VZLA,True
W,True
WAB,True
WABC,True
WAFD,True
WAFDP,True
WAFU,True
WAI,True
WAL,True
WALD,True
WALDW,True
WASH,True
WAT,True
WATT,True
WAVE,True
WAY,True
WB,True
WBD,True
WBI,True
WBS,True
WBTN,True
WBUY,True
WBX,True
WCC,True
WCN,True
WCT,True
WD,True
WDAY,True
WDC,True
WDFC,True
WDH,True
WDI,True
WDS,True
WEA,True
WEAV,True
WEC,True
WELL,True
WEN,True
WENN,True
WENNU,True
WENNW,True
WERN,True
WES,True
WEST,True
WETH,True
WETO,True
WEX,True
WEYS,True
WF,True
WFC,True
WFCF,True
WFF,True
WFG,True
WFRD,True
WGO,True
WGRX,True
WGS,True
WGSWW,True
WH,True
WHD,True
WHF,True
WHFCL,True
WHG,True
WHLR,True
WHLRD,True
WHLRL,True
WHLRP,True
WHR,True
WHWK,True
WIA,True
WILC,True
WIMI,True
WINA,True
WING,True
WISH,False
WIT,True
WIW,True
WIX,True
WK,True
WKC,True
WKEY,True
WKHS,True
WKSP,True
WLAC,True
WLACU,True
WLACW,True
WLDN,True
WLDS,True
WLDSW,True
WLFC,True
WLII,True
WLIIU,True
WLIIW,True
WLK,True
WLKP,True
WLTH,True
WLY,True
WLYB,True
WM,True
WMB,True
WMG,True
WMK,True
WMS,True
WMT,True
WNC,True
WNEB,True
WNW,True
WOK,True
WOLF,True
WOOF,True
WOR,True
WORK,False
WPAC,True
WPC,True
WPM,True
WPP,True
WPRT,True
WRAP,True
WRB,True
WRBY,True
WRD,True
WRLD,True
WRN,True
WS,True
WSBC,True
WSBCO,True
WSBF,True
WSBK,True
WSC,True
WSFS,True
WSHP,True
WSM,True
WSO,True
WSR,True
WST,True
WSTN,True
WSTNR,True
WSTNU,True
WT,True
WTBA,True
WTF,True
WTFC,True
WTFCN,True
WTG,True
WTGUR,True
WTGUU,True
WTI,True
WTM,True
WTO,True
WTRG,True
WTS,True
WTTR,True
WTW,True
WU,True
WULF,True
WVE,True
WVVI,True
WVVIP,True
WW,True
WWD,True
WWR,True
WWW,True
WXM,True
WY,True
WYFI,True
WYHG,True
WYNN,True
WYY,True
XAIR,True
XBIO,True
XBIT,True
XBP,True
XBPEW,True
XCBE,True
XCBEU,True
XCBEW,True
XCH,True
XCUR,True
XE,True
XEL,True
XELB,True
XELLL,True
XENE,True
XERS,True
XFLH,True
XFLT,True
XFOR,True
XGN,True
XHG,True
XHLD,True
XHR,True
XIFR,True
XLNX,False
XLO,True
XMTR,True
XNCR,True
XNDU,True
XNET,True
XOM,True
XOMA,True
XOMAO,True
XOMAP,True
XOS,True
XOSWW,True
XP,True
XPEL,True
XPER,True
XPEV,True
XPL,True
XPO,True
XPOF,True
XPON,True
XPRO,True
XRAY,True
XRN,True
XRPN,True
XRPNU,True
XRPNW,True
XRTX,True
XRX,True
XRXDW,True
XSLL,True
XSLLU,True
XSLLW,True
XTIA,True
XTLB,True
XTNT,True
XWEL,True
XWIN,True
XXI,True
XXII,True
XYF,True
XYL,True
XYZ,True
XZO,True
YAAS,True
YALA,True
YB,True
YCBD,True
YCY,True
YDDL,True
YDES,True
YDESW,True
YDKG,True
YELP,True
YETI,True
YEXT,True
YHC,True
YHGJ,True
YHNA,True
YHNAR,True
YHNAU,True
YHOO,False
YI,True
YIBO,True
YJ,True
YMAT,True
YMM,True
YMT,True
YOOV,True
YORW,True
YOU,True
YOUL,True
YPF,True
YQ,True
YRD,True
YSG,True
YSS,True
YSWY,True
YSXT,True
YTRA,True
YUM,True
YUMC,True
YXT,True
YYAI,True
YYGH,True
Z,True
ZBAI,True
ZBAO,True
ZBH,True
ZBIO,True
ZBRA,True
ZCMD,True
ZD,True
ZDAI,True
ZDGE,True
ZENA,True
ZEO,True
ZEOWW,True
ZEPP,True
ZETA,True
ZG,True
ZGN,True
ZH,True
ZIM,True
ZION,True
ZIONP,True
ZIP,True
ZJK,True
ZJYL,True
ZKH,True
ZKIN,True
ZKP,True
ZKPU,True
ZKPW,True
ZLAB,True
ZM,True
ZNB,True
ZNGA,False
ZNTL,True
ZONE,True
ZOOZ,True
ZOOZW,True
ZS,True
ZSQR,True
ZSTK,True
ZTEK,True
ZTG,True
ZTO,True
ZTR,True
ZTS,True
ZUMZ,True
ZURA,True
ZVIA,True
ZVRA,True
ZWS,True
ZYBT,True
ZYME,True
